timestamp,connected_devices,upload_mbps,download_mbps,latency_ms,packet_loss_percent,bandwidth_usage_percent,throughput_mbps,congestion_level
2026-08-01 08:00:00,78,13.17,63.09,53.76,1.9,64.79,76.71,Moderate
2026-08-01 08:01:00,6,2.92,14.0,24.63,0.2,14.99,14.09,Normal
2026-08-01 08:02:00,117,25.61,63.63,170.75,7.94,71.56,90.5,High
2026-08-01 08:03:00,82,11.49,55.97,50.76,2.78,59.8,70.42,Moderate
2026-08-01 08:04:00,27,5.71,21.12,22.6,0.33,24.0,27.09,Normal
2026-08-01 08:05:00,128,18.89,81.29,130.49,8.58,84.17,100.19,High
2026-08-01 08:06:00,44,16.78,47.5,63.68,0.89,52.57,67.17,Moderate
2026-08-01 08:07:00,65,7.77,32.14,42.68,2.05,32.59,39.37,Moderate
2026-08-01 08:08:00,13,5.63,24.72,20.46,0.45,24.56,26.14,Normal
2026-08-01 08:09:00,13,5.07,4.56,17.97,0.56,8.43,12.01,Normal
2026-08-01 08:10:00,18,3.94,25.88,17.99,0.55,26.47,28.71,Normal
2026-08-01 08:11:00,123,17.32,90.13,179.09,8.75,88.01,107.65,High
2026-08-01 08:12:00,74,15.71,45.55,43.67,2.39,50.64,58.78,Moderate
2026-08-01 08:13:00,39,25.23,53.32,37.34,3.32,66.27,78.84,Moderate
2026-08-01 08:14:00,14,4.69,25.56,26.72,0.19,23.92,32.51,Normal
2026-08-01 08:15:00,12,2.86,21.52,20.73,0.66,19.92,24.22,Normal
2026-08-01 08:16:00,61,5.04,49.25,44.31,2.2,50.86,56.92,Moderate
2026-08-01 08:17:00,8,7.87,17.31,19.46,0.26,21.11,26.04,Normal
2026-08-01 08:18:00,54,6.01,47.1,34.85,2.59,43.07,52.56,Moderate
2026-08-01 08:19:00,78,16.97,52.1,60.71,1.41,60.72,71.53,Moderate
2026-08-01 08:20:00,66,19.21,63.68,74.95,2.55,70.12,84.09,Moderate
2026-08-01 08:21:00,27,6.4,13.22,9.87,0.1,18.03,22.23,Normal
2026-08-01 08:22:00,85,15.93,78.74,136.58,7.26,81.16,94.83,High
2026-08-01 08:23:00,129,26.46,77.66,110.4,8.13,85.27,104.14,High
2026-08-01 08:24:00,76,11.65,49.79,84.57,1.91,47.0,60.95,Moderate
2026-08-01 08:25:00,29,4.47,14.85,13.88,0.65,18.68,18.99,Normal
2026-08-01 08:26:00,23,4.82,22.3,18.02,0.73,18.6,22.48,Normal
2026-08-01 08:27:00,12,5.03,17.65,22.14,0.42,20.94,21.92,Normal
2026-08-01 08:28:00,6,6.93,23.47,19.64,0.16,25.55,31.79,Normal
2026-08-01 08:29:00,75,20.36,52.02,21.24,0.72,59.59,70.01,Moderate
2026-08-01 08:30:00,82,8.07,33.91,45.09,4.21,34.17,45.59,Moderate
2026-08-01 08:31:00,89,15.96,77.64,78.22,6.71,77.82,91.6,High
2026-08-01 08:32:00,8,5.3,15.9,20.2,0.4,19.38,18.56,Normal
2026-08-01 08:33:00,30,6.27,15.6,17.94,0.0,18.95,21.23,Normal
2026-08-01 08:34:00,29,8.06,20.87,24.05,0.24,27.98,30.44,Normal
2026-08-01 08:35:00,10,2.54,37.68,12.44,0.67,30.88,38.11,Normal
2026-08-01 08:36:00,8,4.8,25.36,14.1,0.13,23.37,28.73,Normal
2026-08-01 08:37:00,18,5.6,40.25,23.32,0.18,36.78,45.48,Normal
2026-08-01 08:38:00,26,1.38,10.98,4.5,0.0,10.21,15.0,Normal
2026-08-01 08:39:00,31,15.05,67.49,69.74,1.19,70.24,83.59,Moderate
2026-08-01 08:40:00,19,6.13,26.48,14.7,0.02,27.35,30.24,Normal
2026-08-01 08:41:00,82,9.04,55.92,58.4,2.51,57.24,66.2,Moderate
2026-08-01 08:42:00,73,21.42,39.98,50.04,2.94,50.34,61.54,Moderate
2026-08-01 08:43:00,31,4.66,7.54,8.64,0.54,8.57,15.23,Normal
2026-08-01 08:44:00,42,9.86,43.3,69.62,1.97,43.33,56.63,Moderate
2026-08-01 08:45:00,65,13.49,63.99,69.94,1.6,64.33,77.38,Moderate
2026-08-01 08:46:00,21,6.3,27.3,21.56,0.68,27.25,36.5,Normal
2026-08-01 08:47:00,30,3.75,24.98,18.14,0.15,24.68,31.98,Normal
2026-08-01 08:48:00,30,2.15,66.32,27.79,2.72,57.56,68.59,Moderate
2026-08-01 08:49:00,5,4.95,11.39,30.02,0.51,12.74,16.68,Normal
2026-08-01 08:50:00,18,5.52,4.97,23.07,0.0,6.42,9.16,Normal
2026-08-01 08:51:00,29,5.11,14.28,5.49,0.45,15.65,20.89,Normal
2026-08-01 08:52:00,63,19.16,40.04,16.33,1.69,50.95,56.85,Moderate
2026-08-01 08:53:00,84,15.02,43.9,66.48,3.65,49.85,58.51,Moderate
2026-08-01 08:54:00,55,9.2,66.28,49.59,1.98,63.36,72.36,Moderate
2026-08-01 08:55:00,53,14.46,63.61,34.17,1.89,61.31,79.56,Moderate
2026-08-01 08:56:00,10,5.54,29.01,20.47,0.76,30.11,35.49,Normal
2026-08-01 08:57:00,30,11.93,84.53,46.03,2.39,79.33,97.34,Moderate
2026-08-01 08:58:00,16,5.65,40.48,13.61,0.53,37.94,45.91,Normal
2026-08-01 08:59:00,35,2.42,26.5,20.12,0.78,23.34,29.85,Normal
2026-08-01 09:00:00,29,11.73,47.08,52.33,2.82,50.73,55.34,Moderate
2026-08-01 09:01:00,33,5.75,18.96,11.24,0.63,22.52,27.21,Normal
2026-08-01 09:02:00,57,15.02,61.95,33.92,1.98,65.26,77.7,Moderate
2026-08-01 09:03:00,75,14.46,54.13,80.1,3.1,56.52,62.85,Moderate
2026-08-01 09:04:00,77,13.47,30.97,76.73,1.02,35.21,45.12,Moderate
2026-08-01 09:05:00,48,20.39,43.94,49.86,2.42,57.33,60.58,Moderate
2026-08-01 09:06:00,74,15.88,49.81,36.85,3.06,54.33,65.04,Moderate
2026-08-01 09:07:00,11,3.84,18.07,22.17,0.36,18.24,23.21,Normal
2026-08-01 09:08:00,29,9.46,18.65,8.59,0.62,21.72,30.84,Normal
2026-08-01 09:09:00,11,6.99,39.83,23.83,0.31,38.6,46.39,Normal
2026-08-01 09:10:00,18,5.36,33.21,12.53,0.51,33.45,40.41,Normal
2026-08-01 09:11:00,10,4.46,27.96,12.43,0.08,27.49,29.15,Normal
2026-08-01 09:12:00,67,3.31,76.72,101.34,9.8,67.41,78.7,High
2026-08-01 09:13:00,20,7.88,10.87,17.14,0.37,18.66,23.4,Normal
2026-08-01 09:14:00,20,4.35,17.25,21.06,0.27,20.94,20.81,Normal
2026-08-01 09:15:00,32,9.6,21.09,18.54,0.75,27.5,31.4,Normal
2026-08-01 09:16:00,33,5.92,15.17,23.93,0.31,14.85,18.52,Normal
2026-08-01 09:17:00,83,4.16,34.87,59.64,3.01,28.01,39.01,Moderate
2026-08-01 09:18:00,38,23.48,50.05,36.14,1.65,62.17,76.94,Moderate
2026-08-01 09:19:00,79,13.57,58.76,62.95,2.7,62.03,70.71,Moderate
2026-08-01 09:20:00,73,13.89,55.94,48.76,1.98,56.05,68.59,Moderate
2026-08-01 09:21:00,19,2.79,19.17,19.94,0.01,15.94,23.39,Normal
2026-08-01 09:22:00,51,19.63,44.5,62.95,1.81,49.23,65.13,Moderate
2026-08-01 09:23:00,30,9.0,21.65,18.79,0.32,27.33,31.75,Normal
2026-08-01 09:24:00,31,5.42,8.54,13.71,0.63,7.77,13.33,Normal
2026-08-01 09:25:00,16,0.1,11.86,16.6,0.25,12.12,11.11,Normal
2026-08-01 09:26:00,71,2.33,49.96,67.26,2.5,45.53,52.9,Moderate
2026-08-01 09:27:00,7,9.02,12.68,12.24,0.49,16.22,18.32,Normal
2026-08-01 09:28:00,25,6.68,19.91,19.42,0.27,21.69,29.32,Normal
2026-08-01 09:29:00,32,3.39,7.75,21.31,0.4,7.84,8.01,Normal
2026-08-01 09:30:00,24,2.25,19.08,14.23,0.12,19.39,22.87,Normal
2026-08-01 09:31:00,82,11.04,50.25,60.1,1.27,49.19,59.0,Moderate
2026-08-01 09:32:00,34,5.32,12.69,22.38,0.0,14.57,18.07,Normal
2026-08-01 09:33:00,13,4.97,24.73,9.28,0.0,26.81,29.77,Normal
2026-08-01 09:34:00,16,7.38,24.77,17.08,0.44,26.55,30.74,Normal
2026-08-01 09:35:00,85,1.28,32.55,72.14,1.11,25.42,32.92,Moderate
2026-08-01 09:36:00,27,3.54,20.61,20.27,0.41,20.6,24.79,Normal
2026-08-01 09:37:00,31,2.86,34.62,17.67,0.58,28.4,40.02,Normal
2026-08-01 09:38:00,10,6.02,32.86,19.17,0.25,32.98,38.11,Normal
2026-08-01 09:39:00,80,23.7,78.97,147.75,5.3,91.39,103.74,High
2026-08-01 09:40:00,99,18.68,85.89,165.21,7.12,89.49,106.09,High
2026-08-01 09:41:00,76,18.66,54.31,22.84,3.43,62.96,73.72,Moderate
2026-08-01 09:42:00,21,5.29,15.35,17.9,0.37,13.67,22.81,Normal
2026-08-01 09:43:00,91,24.06,93.69,137.87,3.32,93.29,118.75,High
2026-08-01 09:44:00,50,13.27,34.09,56.21,3.05,38.08,47.0,Moderate
2026-08-01 09:45:00,32,19.36,45.92,66.04,1.65,51.27,64.81,Moderate
2026-08-01 09:46:00,15,6.5,7.92,18.77,0.9,11.82,12.22,Normal
2026-08-01 09:47:00,29,7.38,36.39,13.82,0.36,37.04,43.77,Normal
2026-08-01 09:48:00,21,1.8,21.29,18.81,0.41,16.01,22.63,Normal
2026-08-01 09:49:00,132,26.55,93.86,119.59,6.3,98.29,117.41,High
2026-08-01 09:50:00,14,3.72,31.83,21.84,0.17,29.34,36.04,Normal
2026-08-01 09:51:00,22,3.93,28.98,8.56,0.0,24.93,31.85,Normal
2026-08-01 09:52:00,21,9.75,18.27,7.57,0.35,22.37,25.77,Normal
2026-08-01 09:53:00,57,1.37,53.7,61.55,3.71,46.41,54.16,Moderate
2026-08-01 09:54:00,14,3.84,20.69,4.35,0.46,18.41,24.3,Normal
2026-08-01 09:55:00,82,19.91,83.52,126.51,8.52,88.29,100.76,High
2026-08-01 09:56:00,36,22.61,44.05,74.91,2.09,54.49,64.78,Moderate
2026-08-01 09:57:00,32,13.19,52.88,56.64,1.97,52.17,65.64,Moderate
2026-08-01 09:58:00,17,2.26,29.32,16.86,0.1,25.54,31.8,Normal
2026-08-01 09:59:00,52,15.53,69.73,38.32,2.6,69.9,83.71,Moderate
2026-08-01 10:00:00,78,17.46,46.1,46.38,1.44,51.84,62.25,Moderate
2026-08-01 10:01:00,71,16.14,65.19,83.65,4.04,67.92,79.27,Moderate
2026-08-01 10:02:00,15,3.74,15.78,11.66,0.04,13.83,19.23,Normal
2026-08-01 10:03:00,26,3.16,28.74,34.86,0.19,23.99,32.05,Normal
2026-08-01 10:04:00,21,5.59,30.96,9.92,0.35,33.38,34.31,Normal
2026-08-01 10:05:00,20,5.19,28.47,3.38,0.05,30.48,35.04,Normal
2026-08-01 10:06:00,35,5.6,9.26,24.09,0.0,12.94,14.85,Normal
2026-08-01 10:07:00,34,1.3,19.59,16.05,0.22,16.28,20.59,Normal
2026-08-01 10:08:00,34,5.88,21.68,16.17,0.2,19.13,27.75,Normal
2026-08-01 10:09:00,35,13.0,57.72,58.6,2.86,54.99,66.82,Moderate
2026-08-01 10:10:00,27,5.34,21.94,15.23,0.47,23.7,29.15,Normal
2026-08-01 10:11:00,89,9.25,78.87,171.92,10.05,71.67,89.41,High
2026-08-01 10:12:00,38,20.79,62.33,44.86,1.8,69.38,84.61,Moderate
2026-08-01 10:13:00,14,5.83,13.06,21.47,0.32,15.22,19.33,Normal
2026-08-01 10:14:00,66,10.06,41.19,58.16,2.79,40.09,48.26,Moderate
2026-08-01 10:15:00,28,5.07,5.7,11.29,0.2,7.69,12.09,Normal
2026-08-01 10:16:00,86,28.7,78.41,161.63,5.27,91.35,106.78,High
2026-08-01 10:17:00,25,2.21,25.15,21.93,0.03,24.84,30.18,Normal
2026-08-01 10:18:00,63,11.95,53.89,68.18,1.67,56.61,66.31,Moderate
2026-08-01 10:19:00,32,3.77,17.51,10.83,0.03,19.19,17.62,Normal
2026-08-01 10:20:00,33,1.75,33.4,22.35,0.66,29.49,34.24,Normal
2026-08-01 10:21:00,19,5.53,5.94,11.62,0.35,10.64,8.35,Normal
2026-08-01 10:22:00,68,16.04,72.6,69.54,6.33,70.77,87.48,High
2026-08-01 10:23:00,31,10.75,57.44,41.86,1.5,58.03,70.33,Moderate
2026-08-01 10:24:00,21,2.68,26.95,18.19,0.34,25.56,28.69,Normal
2026-08-01 10:25:00,5,6.02,15.76,21.31,0.0,12.05,24.16,Normal
2026-08-01 10:26:00,19,4.37,30.2,9.2,0.03,24.96,36.62,Normal
2026-08-01 10:27:00,17,4.89,31.03,10.85,0.15,31.67,33.89,Normal
2026-08-01 10:28:00,35,4.19,8.25,12.82,0.62,13.57,9.74,Normal
2026-08-01 10:29:00,10,2.68,21.73,13.94,0.1,20.53,21.86,Normal
2026-08-01 10:30:00,30,11.1,25.84,30.96,1.32,29.04,35.12,Moderate
2026-08-01 10:31:00,124,24.39,106.01,153.59,2.56,100.0,129.1,High
2026-08-01 10:32:00,14,2.59,29.26,16.28,0.15,25.27,32.19,Normal
2026-08-01 10:33:00,76,11.82,48.75,46.98,2.44,50.3,61.05,Moderate
2026-08-01 10:34:00,11,4.53,28.37,16.16,0.33,24.74,36.29,Normal
2026-08-01 10:35:00,51,3.53,61.24,61.26,3.42,54.32,65.75,Moderate
2026-08-01 10:36:00,28,4.5,22.25,13.28,0.23,20.75,27.14,Normal
2026-08-01 10:37:00,74,6.2,42.32,63.86,2.49,42.37,48.99,Moderate
2026-08-01 10:38:00,40,14.52,56.7,56.63,1.52,58.45,75.65,Moderate
2026-08-01 10:39:00,71,15.17,44.01,61.78,0.74,49.13,61.42,Moderate
2026-08-01 10:40:00,7,6.25,31.51,10.41,0.74,31.45,39.08,Normal
2026-08-01 10:41:00,103,25.12,101.08,144.02,5.35,100.0,127.36,High
2026-08-01 10:42:00,27,5.26,15.68,17.58,0.0,18.58,18.0,Normal
2026-08-01 10:43:00,20,5.41,1.18,15.13,0.63,6.82,5.61,Normal
2026-08-01 10:44:00,37,16.68,53.36,51.06,2.9,58.96,68.06,Moderate
2026-08-01 10:45:00,5,6.32,29.38,29.5,0.11,27.76,32.94,Normal
2026-08-01 10:46:00,28,13.51,57.98,41.16,2.69,61.89,69.04,Moderate
2026-08-01 10:47:00,59,14.83,86.29,66.75,1.56,83.06,97.5,Moderate
2026-08-01 10:48:00,17,8.44,10.42,19.64,0.39,15.38,18.25,Normal
2026-08-01 10:49:00,126,23.77,93.57,163.57,6.51,94.98,116.66,High
2026-08-01 10:50:00,28,5.11,19.91,10.28,0.29,16.54,25.13,Normal
2026-08-01 10:51:00,12,5.81,14.68,20.32,0.01,19.12,20.81,Normal
2026-08-01 10:52:00,15,4.06,21.24,14.22,0.42,22.34,25.69,Normal
2026-08-01 10:53:00,144,29.73,83.58,148.31,8.96,92.82,115.06,High
2026-08-01 10:54:00,20,5.51,34.35,7.71,0.12,32.66,41.41,Normal
2026-08-01 10:55:00,7,7.8,17.9,11.72,0.1,22.2,26.13,Normal
2026-08-01 10:56:00,31,5.4,29.29,20.94,0.24,29.12,34.81,Normal
2026-08-01 10:57:00,68,29.41,84.58,164.43,7.11,95.13,112.37,High
2026-08-01 10:58:00,97,39.45,84.32,126.67,8.06,100.0,125.9,High
2026-08-01 10:59:00,55,11.11,80.05,62.86,1.28,76.47,90.46,Moderate
2026-08-01 11:00:00,113,32.81,85.83,141.68,6.17,99.66,124.05,High
2026-08-01 11:01:00,79,19.14,73.37,112.01,9.34,77.34,91.78,High
2026-08-01 11:02:00,14,3.31,27.85,11.55,0.36,26.63,32.36,Normal
2026-08-01 11:03:00,13,6.35,15.52,13.54,0.17,20.84,19.99,Normal
2026-08-01 11:04:00,40,19.24,59.26,100.19,0.46,64.18,77.02,Moderate
2026-08-01 11:05:00,54,7.61,41.79,53.51,0.91,41.27,50.07,Moderate
2026-08-01 11:06:00,19,6.21,26.06,15.76,0.83,23.16,32.74,Normal
2026-08-01 11:07:00,26,1.52,13.98,18.1,0.27,16.94,14.56,Normal
2026-08-01 11:08:00,78,8.34,60.71,43.01,2.03,53.84,69.4,Moderate
2026-08-01 11:09:00,21,5.03,20.56,16.71,0.1,20.97,24.51,Normal
2026-08-01 11:10:00,66,31.57,89.26,134.7,5.86,100.0,121.7,High
2026-08-01 11:11:00,16,6.58,18.53,23.88,0.62,19.19,28.66,Normal
2026-08-01 11:12:00,5,4.8,22.09,14.1,0.0,20.88,27.08,Normal
2026-08-01 11:13:00,32,9.03,53.03,41.51,2.21,52.88,62.36,Moderate
2026-08-01 11:14:00,9,5.97,24.22,11.53,0.0,23.31,33.35,Normal
2026-08-01 11:15:00,31,4.92,13.65,17.46,0.07,17.93,17.96,Normal
2026-08-01 11:16:00,35,17.71,35.28,65.38,1.44,42.67,49.82,Moderate
2026-08-01 11:17:00,125,32.16,81.34,108.72,6.79,89.82,114.85,High
2026-08-01 11:18:00,32,5.66,12.54,19.48,0.57,10.42,19.31,Normal
2026-08-01 11:19:00,18,5.28,15.72,16.83,0.42,18.72,22.58,Normal
2026-08-01 11:20:00,31,10.72,29.84,64.25,1.02,35.62,41.83,Moderate
2026-08-01 11:21:00,130,2.55,83.52,100.27,11.72,67.76,84.98,High
2026-08-01 11:22:00,30,7.21,22.11,19.66,0.41,25.83,30.04,Normal
2026-08-01 11:23:00,22,6.94,40.22,8.52,0.41,41.71,49.44,Normal
2026-08-01 11:24:00,34,6.86,31.32,33.44,0.11,31.2,37.16,Normal
2026-08-01 11:25:00,13,3.22,18.08,1.42,0.19,16.76,22.04,Normal
2026-08-01 11:26:00,32,7.58,22.11,19.57,0.51,27.48,30.25,Normal
2026-08-01 11:27:00,54,15.48,52.67,63.49,1.74,61.26,68.96,Moderate
2026-08-01 11:28:00,15,7.52,25.36,24.84,0.3,28.43,28.1,Normal
2026-08-01 11:29:00,21,7.94,4.24,19.02,0.55,7.05,10.38,Normal
2026-08-01 11:30:00,51,10.54,51.6,59.27,4.49,53.88,63.81,Moderate
2026-08-01 11:31:00,34,20.4,62.13,55.15,0.15,70.39,82.15,Moderate
2026-08-01 11:32:00,11,3.62,20.59,27.01,0.49,21.41,25.51,Normal
2026-08-01 11:33:00,85,13.99,51.55,40.22,0.03,55.27,65.84,Moderate
2026-08-01 11:34:00,78,20.85,70.86,43.03,1.68,81.49,92.67,Moderate
2026-08-01 11:35:00,45,18.6,69.76,52.18,1.21,71.43,89.94,Moderate
2026-08-01 11:36:00,8,8.19,21.08,15.87,0.0,22.99,30.28,Normal
2026-08-01 11:37:00,11,4.83,22.34,16.36,0.5,21.61,24.1,Normal
2026-08-01 11:38:00,144,12.74,74.63,168.4,9.81,68.89,87.28,High
2026-08-01 11:39:00,26,1.68,27.65,19.85,0.08,23.56,27.01,Normal
2026-08-01 11:40:00,19,6.18,16.85,15.32,0.55,17.79,23.59,Normal
2026-08-01 11:41:00,17,1.71,15.07,19.74,0.21,12.91,12.03,Normal
2026-08-01 11:42:00,45,4.49,70.91,36.38,3.0,61.34,78.11,Moderate
2026-08-01 11:43:00,72,28.31,74.41,63.55,2.35,88.71,102.17,High
2026-08-01 11:44:00,15,7.27,22.81,30.64,0.16,28.71,30.04,Normal
2026-08-01 11:45:00,69,31.19,63.73,109.36,7.26,77.19,94.44,High
2026-08-01 11:46:00,22,3.03,8.59,19.66,0.55,9.83,11.37,Normal
2026-08-01 11:47:00,31,8.14,58.85,69.1,2.74,55.08,72.2,Moderate
2026-08-01 11:48:00,63,17.1,61.23,49.97,1.64,63.61,79.41,Moderate
2026-08-01 11:49:00,26,5.18,18.72,23.98,0.15,16.08,20.21,Normal
2026-08-01 11:50:00,26,4.69,11.49,10.87,0.12,12.61,14.64,Normal
2026-08-01 11:51:00,12,6.32,32.58,18.1,0.18,33.08,38.04,Normal
2026-08-01 11:52:00,69,24.26,71.11,73.89,7.53,78.91,96.89,High
2026-08-01 11:53:00,80,8.59,73.8,61.26,1.97,68.43,82.19,Moderate
2026-08-01 11:54:00,92,33.64,92.18,144.92,9.04,100.0,124.42,High
2026-08-01 11:55:00,55,18.45,42.86,91.16,1.89,50.0,56.92,Moderate
2026-08-01 11:56:00,22,5.5,26.42,24.05,0.42,28.44,34.36,Normal
2026-08-01 11:57:00,67,14.79,70.26,71.58,1.72,74.29,83.85,Moderate
2026-08-01 11:58:00,19,5.25,28.44,14.48,0.3,29.18,36.56,Normal
2026-08-01 11:59:00,25,4.57,8.31,28.69,0.25,14.52,9.28,Normal
2026-08-01 12:00:00,69,11.14,51.16,74.24,1.51,53.0,64.6,Moderate
2026-08-01 12:01:00,36,13.73,54.94,55.38,2.94,53.98,66.93,Moderate
2026-08-01 12:02:00,16,5.96,27.05,20.45,0.22,27.42,34.59,Normal
2026-08-01 12:03:00,17,4.38,18.1,30.12,0.0,15.37,23.48,Normal
2026-08-01 12:04:00,43,2.57,46.8,63.84,1.66,42.82,45.17,Moderate
2026-08-01 12:05:00,141,34.43,99.22,157.56,7.12,100.0,136.31,High
2026-08-01 12:06:00,60,14.01,40.7,64.59,0.37,50.14,55.65,Moderate
2026-08-01 12:07:00,33,7.95,27.12,19.1,0.28,27.59,35.83,Normal
2026-08-01 12:08:00,12,7.74,32.13,12.05,0.54,33.91,39.7,Normal
2026-08-01 12:09:00,19,6.99,25.68,18.5,0.65,28.47,33.29,Normal
2026-08-01 12:10:00,35,15.35,77.9,68.69,0.55,80.19,91.61,Moderate
2026-08-01 12:11:00,137,10.6,85.44,181.34,5.64,79.86,98.87,High
2026-08-01 12:12:00,33,3.21,31.43,12.04,0.25,26.2,36.29,Normal
2026-08-01 12:13:00,17,6.65,8.66,14.38,0.2,11.39,11.59,Normal
2026-08-01 12:14:00,12,3.46,29.44,27.94,0.13,30.49,31.53,Normal
2026-08-01 12:15:00,55,10.24,54.54,55.67,3.22,52.35,67.71,Moderate
2026-08-01 12:16:00,35,8.07,53.08,57.16,2.0,53.37,63.43,Moderate
2026-08-01 12:17:00,12,4.57,19.37,21.99,0.15,19.77,25.12,Normal
2026-08-01 12:18:00,27,7.89,14.35,17.06,0.71,19.12,21.21,Normal
2026-08-01 12:19:00,74,7.71,80.71,29.53,3.16,73.65,86.77,Moderate
2026-08-01 12:20:00,21,3.1,24.15,16.92,0.41,21.3,25.23,Normal
2026-08-01 12:21:00,85,5.86,47.83,51.66,2.11,44.2,52.89,Moderate
2026-08-01 12:22:00,32,6.38,16.75,26.62,0.18,18.8,24.11,Normal
2026-08-01 12:23:00,5,8.13,24.92,21.05,0.0,30.01,33.96,Normal
2026-08-01 12:24:00,83,19.17,93.95,93.01,7.35,93.78,109.6,High
2026-08-01 12:25:00,28,1.18,32.29,10.32,0.04,27.16,33.35,Normal
2026-08-01 12:26:00,33,5.99,29.63,18.87,0.4,31.4,33.9,Normal
2026-08-01 12:27:00,31,6.67,13.1,25.12,0.35,17.28,19.42,Normal
2026-08-01 12:28:00,30,4.77,24.42,17.7,0.48,22.05,29.04,Normal
2026-08-01 12:29:00,35,5.14,20.87,18.69,0.34,19.5,28.08,Normal
2026-08-01 12:30:00,7,1.53,32.32,19.08,0.15,26.4,33.11,Normal
2026-08-01 12:31:00,24,8.68,20.64,10.41,0.01,27.89,26.72,Normal
2026-08-01 12:32:00,7,4.19,21.79,12.33,0.24,24.44,30.91,Normal
2026-08-01 12:33:00,60,16.24,41.76,45.53,0.4,50.66,60.04,Moderate
2026-08-01 12:34:00,73,12.17,46.36,69.25,2.35,45.53,57.74,Moderate
2026-08-01 12:35:00,10,7.16,22.91,10.81,0.46,26.56,30.73,Normal
2026-08-01 12:36:00,23,1.77,16.44,14.8,0.52,13.79,17.13,Normal
2026-08-01 12:37:00,6,8.51,7.43,22.95,0.49,14.43,17.87,Normal
2026-08-01 12:38:00,95,21.01,80.03,237.22,8.39,85.13,100.11,High
2026-08-01 12:39:00,120,34.53,69.87,121.86,8.25,87.77,106.53,High
2026-08-01 12:40:00,7,4.89,22.09,14.54,0.19,22.26,29.93,Normal
2026-08-01 12:41:00,28,3.97,15.71,24.6,0.47,15.89,20.8,Normal
2026-08-01 12:42:00,11,4.48,16.85,23.82,0.52,16.07,19.37,Normal
2026-08-01 12:43:00,14,8.45,22.87,6.51,0.37,24.83,28.57,Normal
2026-08-01 12:44:00,32,10.33,46.95,58.11,1.52,49.3,54.36,Moderate
2026-08-01 12:45:00,13,6.69,28.02,8.76,0.37,26.86,36.06,Normal
2026-08-01 12:46:00,26,8.68,21.07,29.55,0.0,22.96,34.74,Normal
2026-08-01 12:47:00,8,6.94,29.85,12.03,0.42,31.76,36.57,Normal
2026-08-01 12:48:00,14,5.15,31.57,16.99,0.57,32.06,37.88,Normal
2026-08-01 12:49:00,9,2.91,16.68,14.59,0.14,18.28,21.17,Normal
2026-08-01 12:50:00,45,19.84,69.17,61.65,1.26,74.06,92.16,Moderate
2026-08-01 12:51:00,9,4.32,23.01,12.66,0.0,21.21,28.6,Normal
2026-08-01 12:52:00,105,15.2,68.97,162.85,10.82,71.28,84.29,High
2026-08-01 12:53:00,16,3.64,7.25,11.56,0.0,4.59,11.13,Normal
2026-08-01 12:54:00,75,8.84,45.55,63.95,2.28,46.84,56.18,Moderate
2026-08-01 12:55:00,84,23.99,95.69,155.62,8.28,98.94,119.96,High
2026-08-01 12:56:00,133,26.95,72.19,141.71,5.34,80.2,97.82,High
2026-08-01 12:57:00,56,13.39,63.75,45.06,2.73,61.47,76.02,Moderate
2026-08-01 12:58:00,85,10.96,45.55,58.62,3.03,44.69,56.55,Moderate
2026-08-01 12:59:00,36,10.58,58.53,86.32,2.0,58.3,64.63,Moderate
2026-08-01 13:00:00,70,22.15,70.91,42.7,2.82,78.0,91.62,Moderate
2026-08-01 13:01:00,8,3.71,11.82,13.94,0.52,13.49,17.13,Normal
2026-08-01 13:02:00,6,3.51,19.51,23.22,0.59,17.67,25.13,Normal
2026-08-01 13:03:00,19,1.47,0.1,26.53,0.2,4.59,0.1,Normal
2026-08-01 13:04:00,93,21.95,82.29,140.38,7.57,87.71,107.44,High
2026-08-01 13:05:00,7,7.34,27.81,10.98,0.49,24.26,34.56,Normal
2026-08-01 13:06:00,23,6.06,13.86,18.68,0.35,14.06,23.82,Normal
2026-08-01 13:07:00,53,14.52,51.67,46.96,2.03,57.98,62.99,Moderate
2026-08-01 13:08:00,8,4.94,38.25,24.17,0.29,34.82,43.12,Normal
2026-08-01 13:09:00,26,5.64,22.95,13.29,0.27,28.42,27.37,Normal
2026-08-01 13:10:00,11,4.61,34.36,19.56,0.0,32.9,38.08,Normal
2026-08-01 13:11:00,32,5.44,34.69,26.3,0.46,33.33,43.39,Normal
2026-08-01 13:12:00,14,3.47,18.12,10.74,0.88,17.32,23.22,Normal
2026-08-01 13:13:00,16,6.38,31.99,29.8,0.0,31.05,37.84,Normal
2026-08-01 13:14:00,5,4.46,30.48,22.44,0.89,28.28,34.24,Normal
2026-08-01 13:15:00,23,6.97,22.95,14.6,0.14,25.69,32.04,Normal
2026-08-01 13:16:00,17,0.91,17.75,10.65,0.68,14.03,19.46,Normal
2026-08-01 13:17:00,78,13.07,49.96,69.04,0.78,53.06,61.34,Moderate
2026-08-01 13:18:00,14,2.54,26.57,20.14,0.57,24.54,30.09,Normal
2026-08-01 13:19:00,120,18.16,80.85,142.48,10.15,80.72,98.77,High
2026-08-01 13:20:00,130,21.39,84.41,161.99,8.31,91.01,107.57,High
2026-08-01 13:21:00,25,3.13,29.97,12.58,0.28,25.31,32.2,Normal
2026-08-01 13:22:00,8,3.66,18.2,16.11,0.59,23.16,22.26,Normal
2026-08-01 13:23:00,18,4.42,23.36,18.02,0.36,27.31,28.65,Normal
2026-08-01 13:24:00,29,14.04,62.31,34.43,2.69,61.91,78.88,Moderate
2026-08-01 13:25:00,28,4.37,51.89,39.12,2.94,44.67,55.33,Moderate
2026-08-01 13:26:00,27,10.65,45.73,69.09,0.95,47.29,54.57,Moderate
2026-08-01 13:27:00,7,7.48,29.76,14.01,0.53,34.68,35.66,Normal
2026-08-01 13:28:00,73,9.72,67.94,88.2,2.53,63.67,75.63,Moderate
2026-08-01 13:29:00,23,7.11,28.25,17.58,0.31,29.73,36.87,Normal
2026-08-01 13:30:00,74,14.18,42.24,76.23,3.45,47.59,57.98,Moderate
2026-08-01 13:31:00,20,3.67,27.99,17.08,0.09,27.05,29.16,Normal
2026-08-01 13:32:00,71,15.73,60.25,61.64,2.5,64.14,75.9,Moderate
2026-08-01 13:33:00,98,26.59,73.29,168.39,5.33,81.98,99.98,High
2026-08-01 13:34:00,11,7.53,13.0,24.39,0.43,16.73,24.48,Normal
2026-08-01 13:35:00,31,11.86,88.38,61.83,1.64,85.21,100.99,Moderate
2026-08-01 13:36:00,6,5.48,36.21,19.62,0.07,34.48,42.53,Normal
2026-08-01 13:37:00,71,9.12,44.7,98.08,1.76,43.45,50.9,Moderate
2026-08-01 13:38:00,5,6.11,26.37,22.06,0.14,25.32,33.16,Normal
2026-08-01 13:39:00,76,17.58,74.56,103.41,9.66,78.74,93.52,High
2026-08-01 13:40:00,23,1.48,28.21,23.18,0.34,25.5,30.95,Normal
2026-08-01 13:41:00,140,13.51,70.16,120.08,8.41,66.99,85.05,High
2026-08-01 13:42:00,34,11.21,43.32,37.57,0.72,45.62,52.89,Moderate
2026-08-01 13:43:00,67,12.42,37.83,73.88,0.83,43.93,49.84,Moderate
2026-08-01 13:44:00,59,18.82,45.12,53.41,2.99,52.59,64.79,Moderate
2026-08-01 13:45:00,67,14.6,57.76,73.31,1.51,60.18,72.44,Moderate
2026-08-01 13:46:00,76,31.12,69.7,161.32,3.71,88.48,103.23,High
2026-08-01 13:47:00,18,7.85,30.01,18.51,0.0,32.07,34.18,Normal
2026-08-01 13:48:00,33,12.69,41.03,67.23,0.69,47.78,52.81,Moderate
2026-08-01 13:49:00,34,6.74,13.4,15.09,0.44,18.26,22.33,Normal
2026-08-01 13:50:00,54,18.57,38.18,45.21,2.23,48.26,57.27,Moderate
2026-08-01 13:51:00,6,3.31,24.7,9.9,0.52,25.64,28.38,Normal
2026-08-01 13:52:00,79,17.83,35.14,52.44,2.31,47.43,51.67,Moderate
2026-08-01 13:53:00,55,11.31,41.48,59.61,1.02,47.22,53.46,Moderate
2026-08-01 13:54:00,27,0.1,25.16,17.77,0.22,23.21,23.62,Normal
2026-08-01 13:55:00,30,4.65,19.39,15.74,0.0,21.95,21.77,Normal
2026-08-01 13:56:00,37,11.0,42.8,84.15,2.69,47.45,52.69,Moderate
2026-08-01 13:57:00,55,18.05,43.11,37.62,2.97,48.91,60.35,Moderate
2026-08-01 13:58:00,15,4.01,24.22,21.32,0.15,24.41,29.47,Normal
2026-08-01 13:59:00,64,10.79,51.27,60.27,2.5,53.6,66.19,Moderate
2026-08-01 14:00:00,67,27.61,119.06,161.96,8.76,100.0,144.66,High
2026-08-01 14:01:00,13,6.3,17.95,16.95,0.33,21.93,26.42,Normal
2026-08-01 14:02:00,25,7.27,16.64,22.64,0.0,20.26,23.28,Normal
2026-08-01 14:03:00,5,6.82,28.23,19.7,0.45,27.86,35.18,Normal
2026-08-01 14:04:00,50,12.83,52.23,29.72,1.64,53.65,65.17,Moderate
2026-08-01 14:05:00,20,5.98,20.03,11.53,0.0,23.2,25.31,Normal
2026-08-01 14:06:00,28,5.66,61.39,54.51,2.23,56.95,67.4,Moderate
2026-08-01 14:07:00,76,13.32,41.0,64.3,2.74,44.58,52.71,Moderate
2026-08-01 14:08:00,32,3.95,17.03,11.88,0.34,12.96,20.87,Normal
2026-08-01 14:09:00,149,17.5,84.59,162.0,3.8,84.51,102.15,High
2026-08-01 14:10:00,26,11.72,53.5,34.96,0.67,54.33,64.05,Moderate
2026-08-01 14:11:00,26,6.25,17.13,16.32,0.06,19.94,22.83,Normal
2026-08-01 14:12:00,7,3.66,37.03,17.56,0.41,32.91,40.64,Normal
2026-08-01 14:13:00,29,3.98,9.61,11.56,0.0,9.23,11.99,Normal
2026-08-01 14:14:00,29,3.19,26.81,16.44,0.0,25.8,29.01,Normal
2026-08-01 14:15:00,22,3.57,28.6,24.31,0.0,28.23,29.68,Normal
2026-08-01 14:16:00,82,35.7,77.6,162.27,6.9,90.37,108.91,High
2026-08-01 14:17:00,28,4.28,23.04,11.36,0.32,24.65,27.55,Normal
2026-08-01 14:18:00,32,5.02,31.83,17.31,0.57,36.33,34.89,Normal
2026-08-01 14:19:00,50,14.9,56.5,65.88,3.69,56.3,72.99,Moderate
2026-08-01 14:20:00,39,13.54,47.91,38.81,2.47,51.4,60.14,Moderate
2026-08-01 14:21:00,148,37.48,78.59,214.38,7.12,95.97,116.19,High
2026-08-01 14:22:00,66,10.89,48.05,72.68,1.52,45.96,58.87,Moderate
2026-08-01 14:23:00,8,8.88,27.63,22.33,0.67,30.9,34.82,Normal
2026-08-01 14:24:00,12,6.54,20.18,18.61,0.0,19.51,24.09,Normal
2026-08-01 14:25:00,91,38.45,87.9,192.69,2.26,100.0,129.19,High
2026-08-01 14:26:00,42,18.48,48.36,66.26,0.82,51.42,68.06,Moderate
2026-08-01 14:27:00,94,31.97,79.33,145.64,5.75,94.69,113.07,High
2026-08-01 14:28:00,14,7.16,28.99,22.4,0.37,29.66,36.34,Normal
2026-08-01 14:29:00,134,17.31,67.45,135.13,7.6,70.55,87.65,High
2026-08-01 14:30:00,69,11.84,64.95,66.92,1.78,65.27,79.44,Moderate
2026-08-01 14:31:00,28,5.32,12.48,27.89,0.25,15.92,18.69,Normal
2026-08-01 14:32:00,28,6.03,58.13,48.62,2.97,52.86,64.87,Moderate
2026-08-01 14:33:00,45,12.7,57.36,58.19,2.59,58.46,68.6,Moderate
2026-08-01 14:34:00,20,3.16,9.32,27.41,0.4,7.31,9.83,Normal
2026-08-01 14:35:00,9,8.12,21.1,16.88,0.63,25.3,29.93,Normal
2026-08-01 14:36:00,42,11.33,63.25,70.95,1.27,62.85,74.93,Moderate
2026-08-01 14:37:00,34,5.81,20.77,16.4,0.14,24.25,29.79,Normal
2026-08-01 14:38:00,21,3.51,26.55,10.89,0.56,26.91,26.65,Normal
2026-08-01 14:39:00,23,4.58,19.98,20.46,0.45,21.9,22.9,Normal
2026-08-01 14:40:00,25,4.66,11.95,26.29,0.72,11.46,18.05,Normal
2026-08-01 14:41:00,130,29.96,87.89,170.4,8.96,98.06,118.57,High
2026-08-01 14:42:00,57,14.7,29.22,60.79,2.5,37.89,41.25,Moderate
2026-08-01 14:43:00,6,5.16,38.44,17.63,0.38,34.28,47.66,Normal
2026-08-01 14:44:00,128,20.17,72.4,143.26,10.37,78.04,96.18,High
2026-08-01 14:45:00,90,41.45,77.48,130.04,5.57,100.0,115.38,High
2026-08-01 14:46:00,28,2.22,41.34,26.75,0.32,33.01,45.18,Normal
2026-08-01 14:47:00,30,16.93,69.62,57.42,2.58,70.97,85.02,Moderate
2026-08-01 14:48:00,19,6.72,7.18,25.15,0.12,11.05,14.6,Normal
2026-08-01 14:49:00,67,19.61,85.94,114.08,9.63,92.0,105.42,High
2026-08-01 14:50:00,60,19.13,40.89,67.46,2.65,48.71,62.4,Moderate
2026-08-01 14:51:00,71,12.14,50.47,38.64,1.76,52.65,65.29,Moderate
2026-08-01 14:52:00,31,8.33,9.55,17.46,0.14,11.95,17.33,Normal
2026-08-01 14:53:00,147,21.25,99.08,192.86,7.13,100.0,123.18,High
2026-08-01 14:54:00,29,6.25,27.75,20.09,0.24,26.52,37.83,Normal
2026-08-01 14:55:00,18,5.03,22.03,20.41,0.19,22.22,27.69,Normal
2026-08-01 14:56:00,28,2.8,22.08,7.59,0.33,21.78,25.85,Normal
2026-08-01 14:57:00,52,3.34,58.81,37.58,3.78,53.01,60.05,Moderate
2026-08-01 14:58:00,18,3.73,22.64,21.37,0.33,19.88,25.47,Normal
2026-08-01 14:59:00,132,15.51,85.21,159.96,13.57,85.37,103.42,High
2026-08-01 15:00:00,74,6.39,28.73,77.24,1.29,28.94,33.73,Moderate
2026-08-01 15:01:00,28,2.55,13.5,17.7,0.08,11.81,14.57,Normal
2026-08-01 15:02:00,26,4.64,20.14,21.58,0.26,21.6,24.23,Normal
2026-08-01 15:03:00,15,4.71,27.35,18.48,0.1,28.25,30.33,Normal
2026-08-01 15:04:00,41,14.4,57.46,58.69,2.63,61.71,73.74,Moderate
2026-08-01 15:05:00,26,19.93,50.79,61.43,2.57,59.43,71.29,Moderate
2026-08-01 15:06:00,7,10.69,27.61,15.75,0.32,30.94,37.41,Normal
2026-08-01 15:07:00,42,9.64,70.53,50.89,0.57,63.39,78.65,Moderate
2026-08-01 15:08:00,24,4.27,44.4,8.0,0.52,43.15,47.21,Normal
2026-08-01 15:09:00,54,9.84,48.62,55.33,2.68,47.72,58.0,Moderate
2026-08-01 15:10:00,71,15.1,80.26,158.9,2.53,80.98,94.47,High
2026-08-01 15:11:00,62,15.95,55.64,57.02,3.05,60.55,73.44,Moderate
2026-08-01 15:12:00,33,10.8,61.01,37.84,2.38,62.02,72.9,Moderate
2026-08-01 15:13:00,51,8.47,40.76,64.9,1.94,41.78,45.46,Moderate
2026-08-01 15:14:00,9,7.7,14.44,28.95,0.0,18.54,21.48,Normal
2026-08-01 15:15:00,16,4.01,36.25,15.14,0.69,35.0,39.51,Normal
2026-08-01 15:16:00,32,1.68,20.63,11.67,0.51,17.95,22.21,Normal
2026-08-01 15:17:00,19,4.56,16.01,19.81,0.55,15.48,15.32,Normal
2026-08-01 15:18:00,27,15.02,50.81,62.01,1.73,54.37,64.78,Moderate
2026-08-01 15:19:00,49,9.34,65.78,57.06,2.17,62.0,78.25,Moderate
2026-08-01 15:20:00,67,23.55,96.78,137.62,6.18,100.0,119.83,High
2026-08-01 15:21:00,19,5.47,23.85,11.25,0.06,24.08,33.61,Normal
2026-08-01 15:22:00,28,14.41,69.17,66.67,1.88,69.31,82.94,Moderate
2026-08-01 15:23:00,11,4.82,10.94,19.78,0.76,8.47,15.93,Normal
2026-08-01 15:24:00,13,6.73,43.92,13.13,0.45,39.5,49.16,Normal
2026-08-01 15:25:00,64,13.46,47.82,29.92,0.97,50.25,61.3,Moderate
2026-08-01 15:26:00,74,29.0,67.42,103.57,11.11,78.17,92.99,High
2026-08-01 15:27:00,50,21.32,57.01,62.73,2.51,63.22,78.36,Moderate
2026-08-01 15:28:00,35,2.44,12.3,20.41,0.02,9.69,15.39,Normal
2026-08-01 15:29:00,41,10.56,55.56,79.1,2.29,53.58,68.58,Moderate
2026-08-01 15:30:00,25,4.17,14.15,16.43,0.12,12.44,15.89,Normal
2026-08-01 15:31:00,76,16.61,53.92,166.96,3.0,62.36,67.79,High
2026-08-01 15:32:00,78,16.21,55.85,67.94,0.63,56.82,71.6,Moderate
2026-08-01 15:33:00,35,1.81,41.57,11.71,0.04,38.86,40.39,Normal
2026-08-01 15:34:00,17,2.36,18.19,4.58,0.24,15.83,19.92,Normal
2026-08-01 15:35:00,12,5.79,23.77,19.94,0.22,25.97,27.36,Normal
2026-08-01 15:36:00,120,29.53,92.66,95.24,3.41,99.71,120.68,High
2026-08-01 15:37:00,12,5.7,28.04,24.6,0.4,30.52,34.16,Normal
2026-08-01 15:38:00,64,20.4,52.82,59.73,1.73,62.42,71.54,Moderate
2026-08-01 15:39:00,80,12.75,66.84,77.62,0.23,66.25,79.48,Moderate
2026-08-01 15:40:00,66,12.67,80.61,51.88,2.02,76.21,89.27,Moderate
2026-08-01 15:41:00,33,3.74,29.87,13.03,0.63,29.04,36.29,Normal
2026-08-01 15:42:00,91,18.37,79.13,110.18,4.39,79.18,96.26,High
2026-08-01 15:43:00,34,5.44,9.49,19.41,0.73,13.03,13.59,Normal
2026-08-01 15:44:00,71,16.72,48.95,69.63,2.29,54.01,65.16,Moderate
2026-08-01 15:45:00,48,8.97,35.59,48.67,0.99,39.52,45.44,Moderate
2026-08-01 15:46:00,31,7.83,55.4,53.43,1.38,51.33,64.43,Moderate
2026-08-01 15:47:00,91,22.28,94.14,122.26,3.87,98.81,116.93,High
2026-08-01 15:48:00,11,7.86,39.91,16.15,0.22,38.13,48.71,Normal
2026-08-01 15:49:00,23,5.72,31.33,19.54,0.47,31.22,40.5,Normal
2026-08-01 15:50:00,20,6.94,34.07,16.07,0.3,34.89,41.4,Normal
2026-08-01 15:51:00,21,1.92,11.15,12.68,0.06,12.15,11.77,Normal
2026-08-01 15:52:00,23,2.55,23.57,15.23,0.45,20.32,27.31,Normal
2026-08-01 15:53:00,32,9.4,23.29,17.89,0.13,27.43,32.34,Normal
2026-08-01 15:54:00,15,2.11,21.75,12.22,0.26,18.75,23.53,Normal
2026-08-01 15:55:00,5,5.12,20.58,23.34,0.28,20.34,26.5,Normal
2026-08-01 15:56:00,29,6.73,25.01,22.28,0.45,26.94,31.54,Normal
2026-08-01 15:57:00,51,9.74,64.76,48.57,2.16,60.44,75.33,Moderate
2026-08-01 15:58:00,44,1.92,50.87,54.71,1.86,46.83,52.48,Moderate
2026-08-01 15:59:00,17,3.35,12.27,2.33,0.18,12.0,14.83,Normal
2026-08-01 16:00:00,15,5.16,28.88,15.78,0.56,26.73,34.0,Normal
2026-08-01 16:01:00,23,4.12,8.27,22.53,0.87,8.79,12.51,Normal
2026-08-01 16:02:00,82,4.18,58.62,66.26,2.74,51.89,63.67,Moderate
2026-08-01 16:03:00,20,5.34,26.52,13.33,0.76,28.1,31.16,Normal
2026-08-01 16:04:00,31,7.94,32.21,18.18,0.44,32.17,41.27,Normal
2026-08-01 16:05:00,8,3.38,26.38,14.35,0.58,23.39,31.71,Normal
2026-08-01 16:06:00,7,6.47,16.84,12.0,0.39,19.24,24.79,Normal
2026-08-01 16:07:00,10,4.39,30.08,16.72,0.06,27.19,36.51,Normal
2026-08-01 16:08:00,83,7.74,51.14,48.86,3.24,47.05,59.28,Moderate
2026-08-01 16:09:00,58,12.27,55.66,109.81,2.26,59.45,67.17,Moderate
2026-08-01 16:10:00,33,22.97,53.13,56.26,0.44,66.33,75.31,Moderate
2026-08-01 16:11:00,54,8.81,56.51,47.72,1.5,57.11,66.04,Moderate
2026-08-01 16:12:00,66,6.34,57.47,38.08,2.48,52.73,61.12,Moderate
2026-08-01 16:13:00,7,2.72,24.43,11.85,0.28,24.75,28.17,Normal
2026-08-01 16:14:00,58,9.27,52.88,41.94,1.54,52.47,62.97,Moderate
2026-08-01 16:15:00,29,3.43,5.2,25.23,0.32,11.9,5.8,Normal
2026-08-01 16:16:00,29,5.8,25.07,15.79,0.12,27.73,35.12,Normal
2026-08-01 16:17:00,32,15.88,61.86,42.95,3.15,65.35,76.06,Moderate
2026-08-01 16:18:00,11,5.64,5.67,13.15,0.0,13.66,12.39,Normal
2026-08-01 16:19:00,18,4.49,33.12,18.05,0.52,30.65,39.85,Normal
2026-08-01 16:20:00,25,15.77,55.61,56.0,1.89,61.9,74.14,Moderate
2026-08-01 16:21:00,118,36.03,87.73,131.47,11.06,100.0,124.85,High
2026-08-01 16:22:00,123,26.93,73.73,158.9,11.88,85.69,99.32,High
2026-08-01 16:23:00,6,6.41,31.3,12.23,0.65,32.62,40.17,Normal
2026-08-01 16:24:00,13,4.84,23.81,21.84,0.31,21.78,26.95,Normal
2026-08-01 16:25:00,26,14.11,42.98,57.6,2.19,46.32,58.09,Moderate
2026-08-01 16:26:00,35,4.13,19.86,20.89,0.0,21.96,22.41,Normal
2026-08-01 16:27:00,29,18.59,31.15,80.67,1.67,43.69,50.32,Moderate
2026-08-01 16:28:00,35,6.74,14.79,13.97,0.18,18.62,19.93,Normal
2026-08-01 16:29:00,28,4.63,31.26,10.37,0.03,33.6,36.68,Normal
2026-08-01 16:30:00,27,6.53,18.9,16.56,0.21,24.01,23.52,Normal
2026-08-01 16:31:00,36,16.99,21.53,51.04,1.63,30.67,41.9,Moderate
2026-08-01 16:32:00,21,5.83,20.96,15.35,0.0,24.88,25.05,Normal
2026-08-01 16:33:00,11,5.9,22.6,16.43,0.14,23.37,31.86,Normal
2026-08-01 16:34:00,23,3.56,30.77,14.43,0.3,29.12,34.32,Normal
2026-08-01 16:35:00,13,5.67,38.73,3.73,0.38,37.09,44.48,Normal
2026-08-01 16:36:00,34,4.89,21.77,21.68,0.16,28.27,24.77,Normal
2026-08-01 16:37:00,25,13.5,43.41,35.57,2.1,46.54,55.04,Moderate
2026-08-01 16:38:00,34,6.14,25.78,7.37,0.76,29.65,29.53,Normal
2026-08-01 16:39:00,43,15.89,64.26,45.18,2.14,66.85,79.2,Moderate
2026-08-01 16:40:00,123,31.85,57.54,142.16,5.79,75.21,88.27,High
2026-08-01 16:41:00,33,0.49,14.85,20.44,0.43,10.49,14.94,Normal
2026-08-01 16:42:00,26,2.95,10.28,13.5,0.51,10.13,12.5,Normal
2026-08-01 16:43:00,34,14.76,75.46,63.08,1.67,70.81,89.03,Moderate
2026-08-01 16:44:00,32,4.64,25.59,17.18,0.48,24.01,27.12,Normal
2026-08-01 16:45:00,12,8.54,12.91,23.25,0.0,17.61,18.43,Normal
2026-08-01 16:46:00,139,37.61,66.11,155.94,8.19,87.88,102.34,High
2026-08-01 16:47:00,132,22.02,77.43,166.39,2.93,83.24,102.65,High
2026-08-01 16:48:00,25,8.38,39.09,40.57,2.23,38.64,47.61,Moderate
2026-08-01 16:49:00,16,2.47,13.89,17.71,0.18,16.72,14.98,Normal
2026-08-01 16:50:00,48,10.33,67.24,61.67,1.95,67.5,74.18,Moderate
2026-08-01 16:51:00,71,16.73,50.38,46.72,1.85,58.4,65.38,Moderate
2026-08-01 16:52:00,21,7.72,24.94,24.94,0.49,25.82,29.81,Normal
2026-08-01 16:53:00,50,16.64,39.95,60.56,0.75,44.17,56.21,Moderate
2026-08-01 16:54:00,20,6.06,8.76,20.27,0.78,11.5,16.51,Normal
2026-08-01 16:55:00,20,2.2,28.54,12.23,0.38,25.55,26.43,Normal
2026-08-01 16:56:00,8,2.84,22.81,20.55,0.3,21.39,28.46,Normal
2026-08-01 16:57:00,27,4.51,15.85,9.93,0.4,21.9,21.54,Normal
2026-08-01 16:58:00,35,3.85,19.86,19.27,0.4,21.93,23.6,Normal
2026-08-01 16:59:00,39,17.93,44.6,66.08,1.99,56.96,61.9,Moderate
2026-08-01 17:00:00,102,18.75,85.58,207.5,9.22,87.96,102.97,High
2026-08-01 17:01:00,76,10.42,55.09,69.37,2.35,54.51,65.94,Moderate
2026-08-01 17:02:00,50,13.3,54.75,48.38,3.52,57.56,65.95,Moderate
2026-08-01 17:03:00,143,36.32,78.16,113.38,5.16,96.04,112.53,High
2026-08-01 17:04:00,19,0.7,18.17,19.44,0.17,17.89,15.89,Normal
2026-08-01 17:05:00,24,6.59,11.54,13.79,0.7,13.09,19.63,Normal
2026-08-01 17:06:00,27,4.48,26.84,16.98,0.62,26.28,29.82,Normal
2026-08-01 17:07:00,19,6.62,29.64,17.04,0.23,28.1,32.78,Normal
2026-08-01 17:08:00,54,13.37,50.35,73.59,0.93,53.48,63.25,Moderate
2026-08-01 17:09:00,11,7.86,16.37,23.45,0.37,17.19,27.82,Normal
2026-08-01 17:10:00,8,3.17,24.93,19.8,0.02,25.53,29.48,Normal
2026-08-01 17:11:00,5,1.29,24.18,12.2,0.44,15.84,25.52,Normal
2026-08-01 17:12:00,29,3.36,23.09,23.97,0.13,22.76,25.08,Normal
2026-08-01 17:13:00,139,35.37,103.37,157.59,8.16,100.0,140.32,High
2026-08-01 17:14:00,17,6.29,19.55,13.6,0.38,22.53,25.38,Normal
2026-08-01 17:15:00,32,0.1,22.94,19.07,0.46,19.0,23.94,Normal
2026-08-01 17:16:00,15,5.88,24.49,24.27,0.39,20.43,28.57,Normal
2026-08-01 17:17:00,27,6.52,18.18,15.88,0.5,23.16,25.0,Normal
2026-08-01 17:18:00,39,15.53,57.61,80.52,0.46,62.65,72.22,Moderate
2026-08-01 17:19:00,21,5.48,34.37,16.24,0.49,32.49,41.58,Normal
2026-08-01 17:20:00,18,8.78,31.44,22.46,0.31,34.64,40.12,Normal
2026-08-01 17:21:00,22,5.38,21.07,11.65,0.62,21.18,24.17,Normal
2026-08-01 17:22:00,40,10.89,75.89,48.01,1.5,66.69,90.1,Moderate
2026-08-01 17:23:00,40,26.66,39.97,66.86,1.0,55.65,66.54,Moderate
2026-08-01 17:24:00,60,14.94,74.07,49.9,2.71,72.11,87.62,Moderate
2026-08-01 17:25:00,37,5.17,30.88,44.55,0.94,27.65,36.68,Moderate
2026-08-01 17:26:00,36,10.64,39.47,48.92,3.37,43.52,48.89,Moderate
2026-08-01 17:27:00,19,4.92,21.85,12.99,0.29,22.64,25.23,Normal
2026-08-01 17:28:00,21,6.98,14.44,20.56,0.19,17.69,21.72,Normal
2026-08-01 17:29:00,25,5.14,15.06,14.27,0.06,16.12,16.95,Normal
2026-08-01 17:30:00,28,10.04,16.44,23.31,0.63,25.78,28.07,Normal
2026-08-01 17:31:00,64,0.2,42.56,51.31,2.5,36.18,43.06,Moderate
2026-08-01 17:32:00,33,6.6,25.06,12.36,0.03,26.58,34.88,Normal
2026-08-01 17:33:00,83,9.89,44.52,48.26,1.36,42.34,51.85,Moderate
2026-08-01 17:34:00,71,31.75,74.88,155.26,7.66,88.62,105.15,High
2026-08-01 17:35:00,17,6.43,24.89,17.44,0.57,27.69,31.34,Normal
2026-08-01 17:36:00,142,25.88,60.25,170.39,8.44,71.08,86.97,High
2026-08-01 17:37:00,58,15.76,42.32,64.4,1.5,46.63,60.3,Moderate
2026-08-01 17:38:00,68,30.08,101.64,132.47,7.72,100.0,132.03,High
2026-08-01 17:39:00,26,4.9,14.75,15.86,0.36,15.73,21.91,Normal
2026-08-01 17:40:00,5,4.35,24.6,17.06,0.23,19.64,33.43,Normal
2026-08-01 17:41:00,14,4.99,18.89,13.31,0.52,19.81,25.51,Normal
2026-08-01 17:42:00,24,4.79,21.1,17.53,0.25,23.09,26.4,Normal
2026-08-01 17:43:00,5,2.9,12.16,7.51,0.52,13.56,15.56,Normal
2026-08-01 17:44:00,110,19.74,103.42,150.89,9.14,100.0,121.18,High
2026-08-01 17:45:00,39,27.29,54.15,62.52,3.45,68.6,83.85,Moderate
2026-08-01 17:46:00,26,2.0,30.48,27.61,0.35,26.39,27.18,Normal
2026-08-01 17:47:00,31,4.53,27.23,22.29,0.09,26.32,29.15,Normal
2026-08-01 17:48:00,24,7.45,19.21,12.9,0.38,19.11,26.8,Normal
2026-08-01 17:49:00,32,5.02,11.45,29.89,0.44,7.51,13.02,Normal
2026-08-01 17:50:00,83,31.99,80.85,114.17,7.88,93.13,114.53,High
2026-08-01 17:51:00,19,5.05,18.59,21.26,0.3,18.78,25.59,Normal
2026-08-01 17:52:00,31,3.79,37.82,14.59,0.28,33.9,41.74,Normal
2026-08-01 17:53:00,38,12.8,51.79,60.62,0.0,53.53,68.35,Moderate
2026-08-01 17:54:00,21,4.06,10.98,13.97,0.67,14.04,13.86,Normal
2026-08-01 17:55:00,10,4.09,16.8,16.53,0.62,14.78,17.11,Normal
2026-08-01 17:56:00,62,8.94,38.95,33.78,1.34,37.87,43.86,Moderate
2026-08-01 17:57:00,39,15.02,66.41,60.81,1.1,65.57,78.35,Moderate
2026-08-01 17:58:00,94,30.32,92.42,167.07,5.16,100.0,122.78,High
2026-08-01 17:59:00,25,23.19,49.59,31.57,1.79,57.71,75.19,Moderate
2026-08-01 18:00:00,28,4.55,17.77,8.42,0.45,19.62,23.65,Normal
2026-08-01 18:01:00,74,13.43,41.56,44.51,1.7,46.01,59.3,Moderate
2026-08-01 18:02:00,94,14.54,84.16,103.03,4.4,84.13,97.81,High
2026-08-01 18:03:00,77,15.61,58.94,41.52,1.51,60.87,75.1,Moderate
2026-08-01 18:04:00,145,21.56,87.3,152.91,10.98,93.07,108.51,High
2026-08-01 18:05:00,27,5.66,58.71,41.47,1.25,53.47,62.67,Moderate
2026-08-01 18:06:00,132,26.16,97.06,129.4,1.79,100.0,123.36,High
2026-08-01 18:07:00,20,9.21,23.46,25.44,0.5,26.2,30.75,Normal
2026-08-01 18:08:00,31,15.5,42.7,63.35,1.02,48.7,60.59,Moderate
2026-08-01 18:09:00,5,4.9,8.17,19.69,0.54,12.54,12.39,Normal
2026-08-01 18:10:00,58,5.92,36.22,74.84,3.08,38.11,42.79,Moderate
2026-08-01 18:11:00,49,16.42,64.68,44.33,3.56,66.81,82.17,Moderate
2026-08-01 18:12:00,69,12.3,85.08,169.49,4.62,80.11,98.13,High
2026-08-01 18:13:00,112,18.7,78.83,139.36,11.72,81.98,100.3,High
2026-08-01 18:14:00,12,7.26,28.75,13.02,0.28,32.26,32.37,Normal
2026-08-01 18:15:00,55,13.4,76.78,26.12,2.55,73.82,88.37,Moderate
2026-08-01 18:16:00,51,10.56,55.05,48.26,2.11,52.46,64.8,Moderate
2026-08-01 18:17:00,17,5.68,19.34,16.93,0.0,15.37,27.0,Normal
2026-08-01 18:18:00,5,5.3,17.04,21.37,0.58,19.79,20.91,Normal
2026-08-01 18:19:00,22,1.58,23.57,29.4,0.0,21.73,25.98,Normal
2026-08-01 18:20:00,60,17.14,46.07,34.59,1.94,51.31,62.07,Moderate
2026-08-01 18:21:00,20,7.15,25.43,15.94,0.5,25.37,32.68,Normal
2026-08-01 18:22:00,113,19.12,78.41,160.0,7.59,77.97,94.35,High
2026-08-01 18:23:00,14,3.37,25.4,19.81,0.5,21.15,26.22,Normal
2026-08-01 18:24:00,95,26.46,81.99,130.33,4.67,88.0,107.43,High
2026-08-01 18:25:00,32,3.45,29.07,24.56,0.2,26.24,30.43,Normal
2026-08-01 18:26:00,72,12.15,50.55,70.37,0.3,53.89,65.02,Moderate
2026-08-01 18:27:00,19,4.89,32.02,24.08,0.0,29.22,38.34,Normal
2026-08-01 18:28:00,84,13.03,38.51,45.64,2.34,38.69,47.92,Moderate
2026-08-01 18:29:00,85,17.52,68.47,42.26,2.0,72.49,88.03,Moderate
2026-08-01 18:30:00,128,18.89,95.14,146.09,6.96,94.24,113.48,High
2026-08-01 18:31:00,35,13.17,52.87,42.27,2.72,54.6,64.09,Moderate
2026-08-01 18:32:00,27,0.76,24.86,23.35,0.13,20.4,28.07,Normal
2026-08-01 18:33:00,21,8.83,21.61,16.34,0.61,26.19,30.51,Normal
2026-08-01 18:34:00,35,3.63,28.78,12.1,0.14,26.57,32.61,Normal
2026-08-01 18:35:00,12,7.61,27.68,12.14,0.12,33.47,32.42,Normal
2026-08-01 18:36:00,71,6.3,57.76,57.98,2.46,55.53,63.55,Moderate
2026-08-01 18:37:00,80,8.26,79.74,42.67,1.21,75.42,91.22,Moderate
2026-08-01 18:38:00,82,8.92,52.44,71.35,1.66,52.35,60.84,Moderate
2026-08-01 18:39:00,76,22.36,79.74,145.37,8.99,86.25,105.39,High
2026-08-01 18:40:00,63,9.46,49.6,67.81,2.15,48.56,56.22,Moderate
2026-08-01 18:41:00,59,10.45,51.01,80.23,2.43,51.74,64.2,Moderate
2026-08-01 18:42:00,17,5.02,14.51,18.08,0.0,15.63,18.45,Normal
2026-08-01 18:43:00,13,5.92,25.31,14.51,0.42,20.29,30.87,Normal
2026-08-01 18:44:00,40,4.59,64.95,59.69,3.43,57.95,68.02,Moderate
2026-08-01 18:45:00,69,35.39,66.35,142.08,7.12,86.11,104.45,High
2026-08-01 18:46:00,28,5.99,16.82,14.26,0.0,16.05,22.71,Normal
2026-08-01 18:47:00,10,5.35,34.93,12.57,0.13,31.37,36.51,Normal
2026-08-01 18:48:00,63,16.63,78.78,56.62,1.61,83.63,93.5,Moderate
2026-08-01 18:49:00,18,9.23,20.49,26.36,0.0,23.43,28.39,Normal
2026-08-01 18:50:00,10,10.99,21.52,11.54,0.36,27.09,33.74,Normal
2026-08-01 18:51:00,66,16.69,83.32,148.73,8.28,84.48,100.66,High
2026-08-01 18:52:00,71,13.36,63.24,40.42,1.46,64.34,76.16,Moderate
2026-08-01 18:53:00,15,3.13,18.17,10.87,0.0,14.81,20.83,Normal
2026-08-01 18:54:00,89,14.65,77.27,158.29,8.85,75.73,90.82,High
2026-08-01 18:55:00,12,3.57,26.3,13.3,0.6,26.1,31.64,Normal
2026-08-01 18:56:00,97,33.48,58.27,158.72,9.53,76.56,92.52,High
2026-08-01 18:57:00,7,5.73,19.8,16.13,0.52,20.19,22.36,Normal
2026-08-01 18:58:00,64,11.81,44.49,44.76,2.3,46.54,54.82,Moderate
2026-08-01 18:59:00,16,3.6,28.79,22.73,0.51,27.28,34.5,Normal
2026-08-01 19:00:00,20,7.11,20.16,19.95,0.08,25.57,27.07,Normal
2026-08-01 19:01:00,150,34.35,102.51,172.48,3.86,100.0,137.84,High
2026-08-01 19:02:00,13,6.05,23.91,23.42,0.42,23.0,31.02,Normal
2026-08-01 19:03:00,12,1.99,21.16,5.98,0.49,21.03,21.64,Normal
2026-08-01 19:04:00,14,6.18,17.05,14.03,0.0,18.41,23.47,Normal
2026-08-01 19:05:00,44,22.88,46.72,35.11,2.34,59.81,67.61,Moderate
2026-08-01 19:06:00,79,8.28,56.55,46.52,2.83,54.98,68.37,Moderate
2026-08-01 19:07:00,88,26.37,71.23,229.96,7.26,79.86,100.53,High
2026-08-01 19:08:00,5,5.79,26.96,13.4,0.1,29.68,34.73,Normal
2026-08-01 19:09:00,5,8.61,34.1,18.81,0.22,37.01,45.41,Normal
2026-08-01 19:10:00,20,5.98,13.73,16.94,0.29,17.95,21.86,Normal
2026-08-01 19:11:00,75,3.34,67.96,61.8,2.63,58.11,68.25,Moderate
2026-08-01 19:12:00,122,35.39,82.26,215.79,4.96,99.16,118.71,High
2026-08-01 19:13:00,52,14.99,56.65,62.56,3.52,57.59,73.85,Moderate
2026-08-01 19:14:00,27,14.57,62.71,74.97,2.17,64.65,77.68,Moderate
2026-08-01 19:15:00,8,4.84,5.85,13.99,0.0,9.92,13.56,Normal
2026-08-01 19:16:00,69,26.07,75.22,179.7,4.93,86.15,101.29,High
2026-08-01 19:17:00,8,4.88,6.51,15.42,0.27,9.77,10.39,Normal
2026-08-01 19:18:00,24,5.58,19.41,29.97,0.16,20.84,28.62,Normal
2026-08-01 19:19:00,28,6.5,36.26,19.84,0.28,35.78,41.51,Normal
2026-08-01 19:20:00,23,4.37,21.9,16.5,0.55,20.55,28.71,Normal
2026-08-01 19:21:00,8,5.76,16.65,27.17,0.59,18.15,19.91,Normal
2026-08-01 19:22:00,19,8.21,19.86,9.46,0.0,23.97,26.41,Normal
2026-08-01 19:23:00,10,5.87,26.97,25.05,0.0,26.74,35.22,Normal
2026-08-01 19:24:00,76,13.02,36.12,61.54,3.04,41.01,45.97,Moderate
2026-08-01 19:25:00,15,6.01,13.32,22.66,0.62,17.96,18.26,Normal
2026-08-01 19:26:00,6,6.22,8.85,23.75,0.24,14.45,12.66,Normal
2026-08-01 19:27:00,148,22.75,67.61,143.6,8.79,73.93,89.1,High
2026-08-01 19:28:00,42,24.44,64.08,35.39,2.28,75.8,86.34,Moderate
2026-08-01 19:29:00,9,3.65,14.49,14.46,0.28,16.09,18.79,Normal
2026-08-01 19:30:00,26,6.46,11.36,17.68,0.59,11.64,16.4,Normal
2026-08-01 19:31:00,108,33.07,81.59,150.63,6.5,99.07,112.92,High
2026-08-01 19:32:00,18,6.14,16.2,6.86,0.62,20.41,23.59,Normal
2026-08-01 19:33:00,34,4.68,26.46,11.62,0.26,26.92,29.19,Normal
2026-08-01 19:34:00,80,26.6,99.72,177.36,6.26,100.0,125.37,High
2026-08-01 19:35:00,22,5.54,18.91,11.63,0.08,22.15,25.72,Normal
2026-08-01 19:36:00,52,10.34,60.05,58.25,3.28,60.24,72.0,Moderate
2026-08-01 19:37:00,68,9.48,74.91,43.21,1.35,65.61,83.88,Moderate
2026-08-01 19:38:00,81,16.92,45.47,63.29,1.46,53.43,63.56,Moderate
2026-08-01 19:39:00,5,4.01,15.85,4.65,0.03,16.7,18.38,Normal
2026-08-01 19:40:00,8,2.55,17.89,19.03,0.41,17.06,21.25,Normal
2026-08-01 19:41:00,27,3.76,9.67,15.56,0.2,14.04,13.58,Normal
2026-08-01 19:42:00,27,6.36,14.1,21.84,0.1,16.73,22.15,Normal
2026-08-01 19:43:00,115,27.19,65.08,152.59,6.43,75.45,92.19,High
2026-08-01 19:44:00,35,5.33,21.65,20.14,0.01,18.07,25.2,Normal
2026-08-01 19:45:00,67,6.94,58.78,59.99,2.33,52.36,66.92,Moderate
2026-08-01 19:46:00,42,21.57,72.04,72.81,2.3,79.45,91.6,Moderate
2026-08-01 19:47:00,71,15.8,50.1,48.51,1.84,55.41,66.23,Moderate
2026-08-01 19:48:00,7,2.31,17.37,27.75,0.92,13.75,20.57,Normal
2026-08-01 19:49:00,8,6.02,15.81,26.05,0.0,18.59,21.58,Normal
2026-08-01 19:50:00,72,13.05,77.88,166.74,9.81,76.59,90.76,High
2026-08-01 19:51:00,50,8.77,46.31,73.4,2.35,48.9,56.06,Moderate
2026-08-01 19:52:00,32,13.79,45.38,49.54,2.7,47.32,58.79,Moderate
2026-08-01 19:53:00,73,25.19,82.79,177.71,7.98,90.63,108.9,High
2026-08-01 19:54:00,61,14.44,43.41,53.0,3.52,49.47,60.53,Moderate
2026-08-01 19:55:00,32,4.82,25.03,10.43,0.25,25.34,30.05,Normal
2026-08-01 19:56:00,47,9.54,63.06,47.75,3.31,59.71,74.14,Moderate
2026-08-01 19:57:00,26,4.79,21.14,18.19,0.42,21.99,31.01,Normal
2026-08-01 19:58:00,70,10.58,31.76,76.43,2.36,36.63,33.56,Moderate
2026-08-01 19:59:00,107,10.03,105.02,198.18,0.07,95.85,116.92,High
2026-08-01 20:00:00,31,7.3,25.57,20.18,0.45,23.67,32.05,Normal
2026-08-01 20:01:00,12,8.5,27.53,24.78,0.0,28.34,33.0,Normal
2026-08-01 20:02:00,7,5.79,22.35,9.42,0.49,22.35,29.34,Normal
2026-08-01 20:03:00,128,10.35,79.93,133.37,7.02,75.99,90.62,High
2026-08-01 20:04:00,21,5.57,19.89,24.01,0.28,20.84,26.09,Normal
2026-08-01 20:05:00,25,6.05,16.83,14.67,0.4,18.45,22.93,Normal
2026-08-01 20:06:00,29,1.71,17.94,20.3,0.36,15.31,21.34,Normal
2026-08-01 20:07:00,7,4.24,37.16,12.75,0.05,37.57,37.94,Normal
2026-08-01 20:08:00,19,3.21,26.81,28.87,0.21,27.89,29.48,Normal
2026-08-01 20:09:00,16,9.4,27.27,19.49,0.2,26.87,35.45,Normal
2026-08-01 20:10:00,32,6.2,31.16,18.12,0.05,33.15,37.81,Normal
2026-08-01 20:11:00,20,5.33,25.45,13.22,0.52,26.42,24.52,Normal
2026-08-01 20:12:00,26,4.52,9.93,17.95,0.18,12.99,16.52,Normal
2026-08-01 20:13:00,35,6.59,23.22,18.1,1.09,25.23,30.12,Normal
2026-08-01 20:14:00,26,7.29,17.65,9.99,0.0,23.53,25.01,Normal
2026-08-01 20:15:00,69,11.32,52.51,30.12,2.41,49.63,65.15,Moderate
2026-08-01 20:16:00,21,7.26,28.13,21.5,0.46,31.23,36.43,Normal
2026-08-01 20:17:00,23,2.0,7.45,13.58,0.27,8.52,10.22,Normal
2026-08-01 20:18:00,34,3.26,31.19,19.43,0.09,29.35,34.07,Normal
2026-08-01 20:19:00,7,9.82,0.1,21.4,0.15,7.57,13.78,Normal
2026-08-01 20:20:00,26,8.3,18.1,17.37,0.34,23.18,28.81,Normal
2026-08-01 20:21:00,9,7.22,21.57,33.23,0.38,24.33,29.02,Normal
2026-08-01 20:22:00,112,22.05,74.81,91.19,4.04,80.61,95.83,High
2026-08-01 20:23:00,23,6.07,36.15,12.53,0.12,37.44,44.97,Normal
2026-08-01 20:24:00,24,7.25,18.46,12.04,0.4,21.84,30.25,Normal
2026-08-01 20:25:00,32,5.82,15.8,15.18,0.0,20.25,23.02,Normal
2026-08-01 20:26:00,29,3.08,18.98,17.1,0.16,22.17,20.04,Normal
2026-08-01 20:27:00,9,6.14,25.73,23.3,0.49,27.11,31.05,Normal
2026-08-01 20:28:00,37,14.71,57.26,52.26,0.8,59.57,72.26,Moderate
2026-08-01 20:29:00,64,15.54,29.32,72.48,4.28,36.3,44.07,Moderate
2026-08-01 20:30:00,15,5.4,23.67,13.13,0.26,26.08,25.12,Normal
2026-08-01 20:31:00,24,4.93,15.83,9.44,0.15,17.28,20.21,Normal
2026-08-01 20:32:00,9,6.47,33.51,23.77,0.66,33.24,41.12,Normal
2026-08-01 20:33:00,21,7.15,30.07,21.89,0.0,30.47,35.54,Normal
2026-08-01 20:34:00,84,18.68,51.74,77.73,3.08,56.62,72.84,Moderate
2026-08-01 20:35:00,22,3.78,25.86,8.11,0.23,25.63,32.3,Normal
2026-08-01 20:36:00,7,9.9,23.42,19.07,0.31,29.98,30.75,Normal
2026-08-01 20:37:00,138,19.47,75.97,189.84,9.9,78.81,97.71,High
2026-08-01 20:38:00,27,6.57,21.52,27.32,0.39,25.2,32.04,Normal
2026-08-01 20:39:00,9,6.66,20.12,28.24,0.8,22.37,29.15,Normal
2026-08-01 20:40:00,53,21.37,58.91,64.51,2.41,66.25,80.39,Moderate
2026-08-01 20:41:00,33,5.27,20.7,28.31,0.24,19.91,26.08,Normal
2026-08-01 20:42:00,9,8.25,32.93,19.22,0.44,35.37,40.88,Normal
2026-08-01 20:43:00,21,5.12,24.51,18.83,0.41,24.21,29.04,Normal
2026-08-01 20:44:00,136,15.57,114.53,100.92,4.61,100.0,129.89,High
2026-08-01 20:45:00,15,5.34,26.73,21.17,0.13,26.69,31.59,Normal
2026-08-01 20:46:00,25,2.76,12.71,22.58,0.36,9.21,16.69,Normal
2026-08-01 20:47:00,16,6.33,10.13,1.33,0.61,15.4,12.81,Normal
2026-08-01 20:48:00,26,11.42,30.39,4.36,0.47,35.69,38.19,Normal
2026-08-01 20:49:00,29,13.65,49.52,44.32,2.7,55.12,60.27,Moderate
2026-08-01 20:50:00,27,8.19,10.78,17.6,0.78,14.21,21.41,Normal
2026-08-01 20:51:00,51,13.61,50.98,80.89,2.39,53.42,64.94,Moderate
2026-08-01 20:52:00,65,13.02,67.66,52.08,1.49,64.42,79.57,Moderate
2026-08-01 20:53:00,33,20.49,43.0,54.9,2.63,54.04,58.53,Moderate
2026-08-01 20:54:00,15,5.36,18.15,15.03,0.0,20.08,25.35,Normal
2026-08-01 20:55:00,120,17.24,78.23,93.55,7.56,79.96,98.7,High
2026-08-01 20:56:00,41,12.73,54.7,70.96,2.55,57.29,61.46,Moderate
2026-08-01 20:57:00,23,2.16,13.97,16.87,0.4,14.85,12.85,Normal
2026-08-01 20:58:00,56,8.66,52.56,43.31,2.92,53.15,58.2,Moderate
2026-08-01 20:59:00,68,23.33,80.02,85.22,6.63,83.45,104.57,High
2026-08-01 21:00:00,17,3.71,22.71,23.13,0.0,25.26,27.12,Normal
2026-08-01 21:01:00,101,26.73,99.28,134.44,5.41,100.0,125.4,High
2026-08-01 21:02:00,26,9.27,28.06,17.63,0.0,32.66,34.64,Normal
2026-08-01 21:03:00,37,17.38,51.28,50.0,2.75,55.76,68.35,Moderate
2026-08-01 21:04:00,117,37.93,67.64,141.63,8.61,85.86,104.49,High
2026-08-01 21:05:00,9,7.2,20.13,14.88,0.08,23.77,27.64,Normal
2026-08-01 21:06:00,80,16.22,56.25,68.79,0.96,58.22,70.54,Moderate
2026-08-01 21:07:00,12,6.59,11.34,19.74,0.32,19.06,12.75,Normal
2026-08-01 21:08:00,34,5.75,76.62,45.81,0.02,66.44,83.1,Moderate
2026-08-01 21:09:00,44,6.14,39.12,69.66,2.64,36.35,48.89,Moderate
2026-08-01 21:10:00,34,4.33,11.69,14.89,0.42,15.33,18.05,Normal
2026-08-01 21:11:00,24,7.0,15.26,17.74,0.22,17.43,20.84,Normal
2026-08-01 21:12:00,14,5.35,24.46,16.43,0.91,23.4,32.42,Normal
2026-08-01 21:13:00,16,4.57,19.81,18.88,0.12,23.22,25.26,Normal
2026-08-01 21:14:00,10,4.03,12.97,15.38,0.8,16.06,19.01,Normal
2026-08-01 21:15:00,7,4.43,19.89,9.29,0.5,22.83,25.29,Normal
2026-08-01 21:16:00,17,5.34,20.87,23.35,0.0,21.8,27.68,Normal
2026-08-01 21:17:00,28,0.83,13.53,17.18,0.66,12.68,17.71,Normal
2026-08-01 21:18:00,82,17.77,51.48,51.23,1.54,53.59,67.9,Moderate
2026-08-01 21:19:00,85,9.79,67.45,45.98,0.94,67.89,76.83,Moderate
2026-08-01 21:20:00,29,11.23,32.07,42.48,2.89,34.81,43.87,Moderate
2026-08-01 21:21:00,15,4.05,22.58,27.69,0.44,16.85,27.97,Normal
2026-08-01 21:22:00,85,33.28,107.0,80.35,6.22,100.0,137.88,High
2026-08-01 21:23:00,48,9.16,54.93,58.51,0.0,53.48,61.92,Moderate
2026-08-01 21:24:00,13,4.24,6.47,24.06,0.0,9.05,11.17,Normal
2026-08-01 21:25:00,18,4.54,35.72,16.97,0.51,33.1,37.6,Normal
2026-08-01 21:26:00,62,17.24,50.33,66.31,1.33,59.29,67.85,Moderate
2026-08-01 21:27:00,33,5.29,15.35,16.84,0.28,20.02,17.38,Normal
2026-08-01 21:28:00,24,3.76,30.21,14.25,0.6,28.72,35.95,Normal
2026-08-01 21:29:00,102,21.98,91.13,144.71,5.35,92.87,114.92,High
2026-08-01 21:30:00,9,5.04,19.47,22.55,0.31,20.37,23.92,Normal
2026-08-01 21:31:00,32,3.67,29.15,17.24,0.3,27.15,34.55,Normal
2026-08-01 21:32:00,97,22.34,80.12,139.01,3.71,84.32,100.38,High
2026-08-01 21:33:00,61,12.83,65.63,50.73,3.1,67.9,81.57,Moderate
2026-08-01 21:34:00,8,8.63,18.04,19.45,0.23,24.24,28.1,Normal
2026-08-01 21:35:00,82,25.54,75.14,177.43,4.1,81.67,100.7,High
2026-08-01 21:36:00,75,27.34,75.24,133.73,5.38,83.19,102.69,High
2026-08-01 21:37:00,15,7.26,25.43,17.52,0.25,23.19,33.44,Normal
2026-08-01 21:38:00,61,12.39,89.22,56.21,2.67,86.62,104.9,Moderate
2026-08-01 21:39:00,33,6.13,4.76,33.43,0.46,9.63,8.57,Normal
2026-08-01 21:40:00,12,3.09,31.86,18.45,0.09,32.1,33.86,Normal
2026-08-01 21:41:00,67,10.2,53.24,40.82,0.32,53.1,60.94,Moderate
2026-08-01 21:42:00,7,8.14,17.52,13.69,0.24,23.36,23.5,Normal
2026-08-01 21:43:00,68,4.19,77.17,52.81,3.14,68.93,78.47,Moderate
2026-08-01 21:44:00,60,15.75,52.94,84.41,3.75,56.18,68.57,Moderate
2026-08-01 21:45:00,8,6.95,14.64,9.77,0.24,16.99,21.8,Normal
2026-08-01 21:46:00,52,12.39,82.77,51.47,2.91,82.18,95.65,Moderate
2026-08-01 21:47:00,5,4.5,23.32,7.3,0.0,23.94,24.15,Normal
2026-08-01 21:48:00,70,24.21,97.07,136.45,4.89,99.46,122.52,High
2026-08-01 21:49:00,15,7.38,14.12,20.13,0.24,17.93,22.78,Normal
2026-08-01 21:50:00,37,23.35,42.2,49.31,3.4,56.24,65.17,Moderate
2026-08-01 21:51:00,34,18.73,60.81,45.39,2.97,65.77,83.24,Moderate
2026-08-01 21:52:00,5,4.31,17.81,28.27,0.05,21.65,20.24,Normal
2026-08-01 21:53:00,56,23.6,59.49,51.24,2.11,69.53,81.78,Moderate
2026-08-01 21:54:00,36,14.62,60.22,57.14,1.65,63.82,73.05,Moderate
2026-08-01 21:55:00,40,15.56,37.95,89.12,3.34,43.52,50.5,Moderate
2026-08-01 21:56:00,73,6.0,51.16,63.78,1.99,47.13,60.99,Moderate
2026-08-01 21:57:00,78,15.13,96.02,109.02,8.8,90.71,113.31,High
2026-08-01 21:58:00,28,4.64,10.95,23.02,0.19,10.73,15.09,Normal
2026-08-01 21:59:00,20,8.52,16.81,18.44,0.05,17.91,24.7,Normal
2026-08-01 22:00:00,34,4.72,32.88,29.34,0.28,32.61,37.53,Normal
2026-08-01 22:01:00,61,14.02,19.93,57.27,3.34,26.03,35.88,Moderate
2026-08-01 22:02:00,35,7.48,8.85,16.43,0.07,13.21,16.73,Normal
2026-08-01 22:03:00,35,5.68,34.31,19.23,0.53,34.89,42.17,Normal
2026-08-01 22:04:00,8,5.34,26.87,25.44,0.28,30.28,32.27,Normal
2026-08-01 22:05:00,84,23.94,101.46,129.13,10.66,100.0,127.01,High
2026-08-01 22:06:00,23,4.96,24.65,14.01,0.33,23.92,30.14,Normal
2026-08-01 22:07:00,74,19.44,62.85,72.55,1.75,68.73,83.8,Moderate
2026-08-01 22:08:00,25,5.29,27.38,33.56,0.66,27.73,34.1,Normal
2026-08-01 22:09:00,114,16.97,83.96,84.14,4.82,79.9,100.84,High
2026-08-01 22:10:00,5,4.57,20.02,14.03,0.21,21.81,28.04,Normal
2026-08-01 22:11:00,7,4.86,17.52,17.83,0.11,20.67,20.84,Normal
2026-08-01 22:12:00,86,23.7,68.86,149.13,2.07,78.87,92.48,High
2026-08-01 22:13:00,101,39.61,87.41,188.79,10.62,100.0,132.62,High
2026-08-01 22:14:00,24,3.88,29.79,18.65,0.14,26.76,34.47,Normal
2026-08-01 22:15:00,20,5.83,16.5,17.17,0.0,16.32,19.42,Normal
2026-08-01 22:16:00,44,14.09,56.97,73.98,2.68,60.44,73.21,Moderate
2026-08-01 22:17:00,95,31.7,84.52,177.18,7.94,92.15,118.75,High
2026-08-01 22:18:00,20,7.31,19.55,27.43,0.0,20.04,29.68,Normal
2026-08-01 22:19:00,27,4.53,12.87,16.09,0.0,15.86,18.7,Normal
2026-08-01 22:20:00,62,12.8,46.8,57.54,3.52,47.75,53.93,Moderate
2026-08-01 22:21:00,77,7.57,52.07,54.13,1.89,49.83,58.32,Moderate
2026-08-01 22:22:00,44,10.73,49.16,55.51,1.99,50.84,56.42,Moderate
2026-08-01 22:23:00,50,19.31,46.59,66.87,3.05,54.17,63.87,Moderate
2026-08-01 22:24:00,33,7.5,16.36,26.92,0.01,19.73,22.95,Normal
2026-08-01 22:25:00,116,11.68,89.03,88.89,8.22,83.03,96.81,High
2026-08-01 22:26:00,81,23.01,86.99,132.2,9.11,90.37,110.57,High
2026-08-01 22:27:00,26,14.92,52.45,83.77,2.71,54.92,69.8,Moderate
2026-08-01 22:28:00,34,4.71,20.12,11.95,0.62,20.08,26.6,Normal
2026-08-01 22:29:00,26,5.45,27.13,22.32,0.0,27.03,32.29,Normal
2026-08-01 22:30:00,75,0.5,44.46,41.77,1.95,40.83,45.09,Moderate
2026-08-01 22:31:00,17,5.16,26.66,17.81,0.58,26.24,30.64,Normal
2026-08-01 22:32:00,85,26.75,99.03,120.24,6.71,100.0,126.79,High
2026-08-01 22:33:00,31,3.69,17.72,20.03,0.21,15.17,20.51,Normal
2026-08-01 22:34:00,76,11.39,49.83,60.98,2.67,52.12,62.62,Moderate
2026-08-01 22:35:00,97,20.03,79.11,108.46,5.52,81.05,99.18,High
2026-08-01 22:36:00,28,1.68,14.28,22.92,0.18,11.11,14.28,Normal
2026-08-01 22:37:00,24,7.75,25.38,15.58,0.25,23.99,35.28,Normal
2026-08-01 22:38:00,30,0.1,81.33,56.54,1.35,67.02,80.9,Moderate
2026-08-01 22:39:00,70,12.44,61.74,44.34,1.85,59.45,75.21,Moderate
2026-08-01 22:40:00,7,3.72,37.94,17.18,0.2,38.26,42.75,Normal
2026-08-01 22:41:00,69,5.41,58.96,37.24,1.64,50.2,63.83,Moderate
2026-08-01 22:42:00,133,34.45,68.96,208.72,6.38,83.72,104.3,High
2026-08-01 22:43:00,12,4.0,26.99,11.48,0.23,25.18,30.06,Normal
2026-08-01 22:44:00,25,8.47,15.72,10.05,0.7,20.15,22.15,Normal
2026-08-01 22:45:00,22,4.31,18.08,22.81,0.67,17.85,24.77,Normal
2026-08-01 22:46:00,19,3.02,15.74,11.12,0.19,11.81,19.26,Normal
2026-08-01 22:47:00,17,8.03,21.63,24.73,0.15,25.64,26.87,Normal
2026-08-01 22:48:00,8,4.57,30.88,28.99,0.0,29.34,37.29,Normal
2026-08-01 22:49:00,32,6.15,48.03,66.94,2.61,47.16,57.75,Moderate
2026-08-01 22:50:00,30,2.26,13.97,26.84,0.11,14.58,19.19,Normal
2026-08-01 22:51:00,149,21.85,85.96,168.12,6.96,91.23,107.07,High
2026-08-01 22:52:00,19,6.2,15.61,17.62,0.42,15.76,20.91,Normal
2026-08-01 22:53:00,20,8.09,35.88,23.3,0.2,39.41,43.37,Normal
2026-08-01 22:54:00,26,22.36,44.41,57.28,3.59,56.68,63.97,Moderate
2026-08-01 22:55:00,142,24.21,106.85,135.76,4.08,100.0,133.23,High
2026-08-01 22:56:00,30,8.11,12.12,24.93,0.29,19.94,17.93,Normal
2026-08-01 22:57:00,32,2.79,19.07,7.43,0.14,16.97,18.95,Normal
2026-08-01 22:58:00,29,5.71,19.0,13.66,0.32,19.89,28.55,Normal
2026-08-01 22:59:00,22,1.87,25.08,27.12,0.18,22.21,29.05,Normal
2026-08-01 23:00:00,26,4.1,27.37,24.55,0.11,25.44,33.02,Normal
2026-08-01 23:01:00,30,4.08,24.8,18.3,0.03,24.15,29.37,Normal
2026-08-01 23:02:00,22,5.27,21.56,14.3,0.27,27.05,24.82,Normal
2026-08-01 23:03:00,6,5.55,30.47,25.03,0.0,29.22,30.9,Normal
2026-08-01 23:04:00,109,25.44,79.16,177.21,4.15,87.2,105.4,High
2026-08-01 23:05:00,61,10.4,56.17,78.75,1.91,53.9,70.12,Moderate
2026-08-01 23:06:00,30,4.34,21.52,21.79,0.23,15.43,20.54,Normal
2026-08-01 23:07:00,34,7.46,32.18,29.32,0.3,32.19,37.05,Normal
2026-08-01 23:08:00,30,8.3,13.94,31.44,0.42,15.94,22.22,Normal
2026-08-01 23:09:00,5,5.15,34.37,16.27,0.42,33.23,38.35,Normal
2026-08-01 23:10:00,31,12.48,65.05,75.38,1.82,62.18,77.25,Moderate
2026-08-01 23:11:00,147,17.87,91.12,127.98,7.0,87.41,109.23,High
2026-08-01 23:12:00,141,21.35,91.54,137.13,7.41,92.02,112.64,High
2026-08-01 23:13:00,77,30.96,81.56,108.21,6.06,95.65,109.76,High
2026-08-01 23:14:00,72,24.65,71.8,102.87,4.42,78.24,93.52,High
2026-08-01 23:15:00,122,18.87,98.29,161.32,4.91,95.58,118.68,High
2026-08-01 23:16:00,34,9.66,22.42,21.78,0.15,31.01,33.45,Normal
2026-08-01 23:17:00,24,3.32,8.96,16.58,0.2,7.62,11.61,Normal
2026-08-01 23:18:00,13,4.6,10.62,24.27,0.29,9.98,13.26,Normal
2026-08-01 23:19:00,45,9.21,49.24,61.08,0.74,48.94,60.08,Moderate
2026-08-01 23:20:00,33,4.12,33.53,13.65,0.16,31.2,37.27,Normal
2026-08-01 23:21:00,83,2.88,42.03,49.59,2.32,39.83,45.19,Moderate
2026-08-01 23:22:00,60,19.91,61.11,69.5,3.54,69.42,84.73,Moderate
2026-08-01 23:23:00,31,4.59,27.65,17.75,0.22,25.43,33.48,Normal
2026-08-01 23:24:00,22,8.45,3.16,16.68,0.41,10.27,14.52,Normal
2026-08-01 23:25:00,9,2.52,33.55,32.38,0.57,32.91,36.49,Normal
2026-08-01 23:26:00,14,7.89,19.69,6.8,0.44,26.92,28.64,Normal
2026-08-01 23:27:00,116,35.27,63.0,125.42,5.88,79.72,95.83,High
2026-08-01 23:28:00,35,16.7,38.65,48.06,0.91,46.8,54.3,Moderate
2026-08-01 23:29:00,59,13.17,48.67,68.44,2.97,49.45,61.22,Moderate
2026-08-01 23:30:00,9,2.08,25.77,12.66,0.12,21.68,27.43,Normal
2026-08-01 23:31:00,5,1.79,27.66,8.52,0.22,21.63,29.09,Normal
2026-08-01 23:32:00,14,4.21,18.79,18.91,0.13,20.15,25.96,Normal
2026-08-01 23:33:00,34,13.47,42.31,59.86,3.09,48.02,54.59,Moderate
2026-08-01 23:34:00,78,19.45,69.9,60.95,1.76,74.1,90.37,Moderate
2026-08-01 23:35:00,5,5.16,35.44,15.57,0.19,34.95,38.17,Normal
2026-08-01 23:36:00,139,14.95,95.18,149.45,9.88,95.81,105.82,High
2026-08-01 23:37:00,7,5.28,18.6,21.43,0.48,21.89,24.43,Normal
2026-08-01 23:38:00,138,27.66,103.13,213.76,9.25,100.0,127.18,High
2026-08-01 23:39:00,10,7.99,17.41,18.16,0.57,22.42,24.02,Normal
2026-08-01 23:40:00,8,5.88,34.63,23.62,0.0,34.58,40.34,Normal
2026-08-01 23:41:00,42,17.81,54.68,52.51,2.04,55.85,74.85,Moderate
2026-08-01 23:42:00,25,3.18,19.33,20.02,0.61,18.48,24.58,Normal
2026-08-01 23:43:00,21,6.74,29.01,17.48,0.13,31.46,34.47,Normal
2026-08-01 23:44:00,15,1.63,13.63,22.99,0.16,15.2,15.92,Normal
2026-08-01 23:45:00,24,4.91,11.53,16.98,0.39,11.04,18.92,Normal
2026-08-01 23:46:00,34,12.07,64.38,55.94,2.38,64.87,77.14,Moderate
2026-08-01 23:47:00,126,17.13,88.74,179.66,9.92,85.23,106.23,High
2026-08-01 23:48:00,133,15.99,84.33,132.4,3.48,83.93,101.54,High
2026-08-01 23:49:00,9,5.7,8.83,17.66,0.43,10.51,13.75,Normal
2026-08-01 23:50:00,5,5.04,17.69,18.89,0.25,18.24,21.89,Normal
2026-08-01 23:51:00,7,3.46,42.06,14.65,1.12,35.17,46.36,Normal
2026-08-01 23:52:00,25,6.82,14.72,16.73,0.19,19.08,24.76,Normal
2026-08-01 23:53:00,15,5.87,29.78,15.33,0.45,29.98,38.07,Normal
2026-08-01 23:54:00,102,25.48,92.21,153.8,7.34,97.89,115.19,High
2026-08-01 23:55:00,96,21.09,84.65,156.82,7.05,89.44,107.29,High
2026-08-01 23:56:00,69,21.95,35.59,55.87,1.93,46.98,56.86,Moderate
2026-08-01 23:57:00,21,7.77,34.35,20.67,0.27,35.25,43.36,Normal
2026-08-01 23:58:00,5,4.12,24.7,19.51,0.35,22.78,30.03,Normal
2026-08-01 23:59:00,13,3.19,27.68,14.56,0.17,27.76,28.72,Normal
2026-08-02 00:00:00,6,7.51,16.41,14.58,0.25,21.6,21.9,Normal
2026-08-02 00:01:00,31,6.48,28.77,21.23,0.32,27.75,34.2,Normal
2026-08-02 00:02:00,21,3.61,28.12,18.24,0.22,26.8,29.48,Normal
2026-08-02 00:03:00,8,3.09,18.68,9.13,0.0,17.97,21.03,Normal
2026-08-02 00:04:00,120,23.54,89.81,165.19,6.54,94.69,111.78,High
2026-08-02 00:05:00,14,6.08,11.9,12.38,0.53,17.11,17.3,Normal
2026-08-02 00:06:00,127,26.67,73.87,185.97,11.17,87.45,100.62,High
2026-08-02 00:07:00,7,7.2,19.68,12.35,0.41,20.16,22.2,Normal
2026-08-02 00:08:00,54,15.13,36.25,71.6,1.55,41.87,49.45,Moderate
2026-08-02 00:09:00,10,4.8,14.27,18.61,0.22,14.45,22.42,Normal
2026-08-02 00:10:00,8,5.15,13.67,25.1,0.58,16.79,17.98,Normal
2026-08-02 00:11:00,11,3.92,25.37,21.7,0.77,25.54,30.23,Normal
2026-08-02 00:12:00,8,5.92,10.31,11.9,0.15,13.02,20.56,Normal
2026-08-02 00:13:00,116,32.07,73.12,111.83,5.88,87.74,107.68,High
2026-08-02 00:14:00,26,4.21,26.35,27.24,0.15,29.02,32.66,Normal
2026-08-02 00:15:00,37,12.03,41.79,63.83,1.23,44.4,54.36,Moderate
2026-08-02 00:16:00,16,5.14,22.39,18.98,0.15,22.71,26.42,Normal
2026-08-02 00:17:00,33,4.12,21.64,19.94,0.0,20.91,24.3,Normal
2026-08-02 00:18:00,25,5.04,35.03,19.06,0.18,30.96,40.04,Normal
2026-08-02 00:19:00,28,3.13,20.64,16.34,0.0,22.73,21.51,Normal
2026-08-02 00:20:00,129,33.71,97.83,168.55,5.87,100.0,129.47,High
2026-08-02 00:21:00,62,25.47,52.77,52.52,3.78,67.88,77.93,Moderate
2026-08-02 00:22:00,58,10.58,39.72,42.51,0.89,41.52,51.63,Moderate
2026-08-02 00:23:00,15,6.11,22.42,6.86,0.62,24.84,27.83,Normal
2026-08-02 00:24:00,12,4.79,32.97,5.26,0.31,29.4,38.16,Normal
2026-08-02 00:25:00,93,21.47,83.77,98.0,8.68,86.89,104.12,High
2026-08-02 00:26:00,13,4.92,31.88,18.47,0.19,33.37,37.73,Normal
2026-08-02 00:27:00,6,6.37,27.18,21.64,0.0,27.55,31.8,Normal
2026-08-02 00:28:00,32,1.26,13.48,9.92,0.24,10.7,14.6,Normal
2026-08-02 00:29:00,80,10.83,52.95,74.36,1.85,53.55,65.17,Moderate
2026-08-02 00:30:00,38,6.82,50.91,56.38,1.33,45.43,58.5,Moderate
2026-08-02 00:31:00,46,15.86,52.18,71.61,1.31,57.07,68.07,Moderate
2026-08-02 00:32:00,61,8.44,34.22,100.07,1.75,34.39,38.89,Moderate
2026-08-02 00:33:00,35,5.48,0.1,22.86,0.07,6.5,4.64,Normal
2026-08-02 00:34:00,68,22.4,66.14,118.67,6.27,74.22,86.02,High
2026-08-02 00:35:00,35,6.1,20.81,19.2,0.35,23.41,24.01,Normal
2026-08-02 00:36:00,48,18.24,50.0,47.21,3.22,58.37,71.13,Moderate
2026-08-02 00:37:00,17,0.63,14.16,24.47,0.33,14.67,13.29,Normal
2026-08-02 00:38:00,79,27.67,76.91,106.02,6.73,87.58,106.76,High
2026-08-02 00:39:00,34,7.27,31.98,18.05,0.0,34.23,37.04,Normal
